peak_name,mz,rt,id_kegg,id_zhulab,name,formula,confidence_level,smiles,inchikey,isotope,adduct,total_score,mz_error,rt_error_abs,rt_error_rela,ms2_score,iden_score,iden_type,peak_group_id,base_peak,num_peaks,cons_formula_pred,stereo_isomer_id,stereo_isomer_name,Size_3_3,Size_3_1,Size_3_2,Size_5_1,Size_1_2,Size_4_2,Size_2_2,Size_2_3,Size_6_2,Size_1_3,Size_4_1,Size_2_1,Size_1_1,Size_6_1,Size_5_2
M122T136_POS,122.0965,136.4,C05332,S0404,2-Phenylethylamine,C8H11N,level2,C1=CC=C(C=C1)CCN,QIQXTHQIDYTFRH-UHFFFAOYSA-N,[M],[M+H]+,2.75,0.1,NA,NA,0.9939,0.75,MS1 + ExpLib Match,[7],M122T136_POS_[M+H]+,3,TRUE,C01530,Octadecanoic acid,81093282.0712779,42703959.647194155,46040082.40010775,46237192.33146853,77323631.07874084,85647102.29430161,75585804.48658773,13931278.65322289,108317465.30095044,70381947.6240396,92440247.5565861,173654221.61050922,24753894.417765364,103800665.74323621,54473363.022751905
M118T67_POS_a,118.0863,67.1,C00183,S0091,L-Valine,C5H11NO2,level2,CC(C)[C@@H](C(=O)O)N,KZSNJWFQEVHDMF-BYPYZUCNSA-N,[M],[M+H]+,2.74,0.2,NA,NA,0.9877,0.74,MS1 + ExpLib Match,[5],M118T67_POS_[M+H]+,3,TRUE,C00183;C06417;C16436,L-Valine;D-Valine;Valine,1044656170.1833035,985663117.3794609,939164042.852561,851994435.7175499,1006491427.730321,838781766.445417,902013512.1755291,796749999.2560157,839232360.4946998,1407612379.570164,1573705273.873366,923367210.9510547,1056428139.1328562,839620668.5156533,905838812.516561
M132T78_2_POS_a,132.1018,77.9,C01933,S0209,L-Norleucine,C6H13NO2,level2,CCCCC(N)C(O)=O,LRQKBLKVPFOOQJ-UHFFFAOYSA-N,[M],[M+H]+,2.74,0.6,NA,NA,0.9984,0.74,MS1 + ExpLib Match,[10],M132T78_2_POS_[M+H]+,6,TRUE,C01933,L-Norleucine,5331939209.003587,3894738338.278396,3986254843.240483,1430906491.0134203,5145710721.257695,1608741858.8532138,4828856735.719351,1788005980.7759507,3783828338.74286,6183102463.733469,10756971432.434694,2161138732.502176,4916678284.615616,1799168825.8025007,1645953027.9834309
M132T78_2_POS_b,132.1018,77.9,C00407,S0089,L-Isoleucine,C6H13NO2,level2,CC[C@H](C)[C@@H](C(=O)O)N,AGPKZVBTJJNPAG-WHFBIAKZSA-N,[M],[M+H]+,2.74,0.6,NA,NA,0.9978,0.74,MS1 + ExpLib Match,[10],M132T78_2_POS_[M+H]+,6,TRUE,C00407;C06418;C16434;C21092;C21096,L-Isoleucine;D-Isoleucine;Isoleucine;D-allo-Isoleucine;L-allo-Isoleucine,5331939209.003587,3894738338.278396,3986254843.240483,1430906491.0134203,5145710721.257695,1608741858.8532138,4828856735.719351,1788005980.7759507,3783828338.74286,6183102463.733469,10756971432.434694,2161138732.502176,4916678284.615616,1799168825.8025007,1645953027.9834309
M132T78_2_POS_c,132.1018,77.9,C00123,S0052,L-Leucine,C6H13NO2,level2,CC(C)CC(C(=O)O)N,ROHFNLRQFUQHCH-UHFFFAOYSA-N,[M],[M+H]+,2.74,0.6,NA,NA,0.996,0.74,MS1 + ExpLib Match,[10],M132T78_2_POS_[M+H]+,6,TRUE,C00123;C01570;C16439,L-Leucine;D-Leucine;Leucine,5331939209.003587,3894738338.278396,3986254843.240483,1430906491.0134203,5145710721.257695,1608741858.8532138,4828856735.719351,1788005980.7759507,3783828338.74286,6183102463.733469,10756971432.434694,2161138732.502176,4916678284.615616,1799168825.8025007,1645953027.9834309
M220T92_POS,220.118,92.5,C00864,L0174,Pantothenate,C9H17NO5,level2,CC(C)(CO)[C@H](C(=O)NCCC(=O)O)O,GHOKWGTUZJEAQD-ZETCQYMHSA-N,[M],[M+H]+,2.74,0.1,NA,NA,0.9773,0.74,MS1 + ExpLib Match,[26],M220T92_POS_[M+H]+,2,TRUE,C00864,Pantothenate,102510878.18075804,110267834.94512895,166412528.7116101,174692454.08934656,103785095.54533945,99134826.35596295,242571274.48290354,125925476.34769978,215874409.22179142,112645057.01924267,97870061.70332018,198714186.15459856,102150013.09163927,137235072.41888115,197256210.65459105
M298T112_POS,298.0971,111.7,C00170,L0036,S-Methyl-5'-thioadenosine,C11H15N5O3S,level2,CSC[C@@H]1[C@H]([C@H]([C@@H](O1)N2C=NC3=C2N=CN=C3N)O)O,WUUGFSXJNOTRMR-IOSLPCCCSA-N,[M],[M+H]+,2.74,0.7,NA,NA,0.9988,0.74,MS1 + ExpLib Match,[32],M298T112_POS_[M+H]+,2,TRUE,C00170,5'-Methylthioadenosine,12610625.92992992,7652278.973993295,17335713.43728602,10856169.027839415,12094268.803737907,10325500.425792161,10534273.215924095,7409622.125216405,12952461.087995699,12364626.113518454,11013056.399781978,9757111.624403758,7385329.637391383,8113239.639638167,12807782.606355766
M118T67_POS_b,118.0863,67.1,C00719,L0010,Betaine,C5H11NO2,level2,C[N+](C)(C)CC(=O)[O-],KWIUHFFTVRNATP-UHFFFAOYSA-N,[M],[M+H]+,2.73,0.2,NA,NA,0.9699,0.73,MS1 + ExpLib Match,[5],M118T67_POS_[M+H]+,3,TRUE,C00719,Betaine,1044656170.1833035,985663117.3794609,939164042.852561,851994435.7175499,1006491427.730321,838781766.445417,902013512.1755291,796749999.2560157,839232360.4946998,1407612379.570164,1573705273.873366,923367210.9510547,1056428139.1328562,839620668.5156533,905838812.516561
M166T94_1_POS,166.0861,93.8,C00079,S0061,L-Phenylalanine,C9H11NO2,level2,C1=CC=C(C=C1)CC(C(=O)O)N,COLNVLDHVKWLRT-QMMMGPOBSA-N,[M],[M+H]+,2.73,1.1,NA,NA,0.996,0.73,MS1 + ExpLib Match,[18],M166T94_1_POS_[M+H]+,8,TRUE,C00079;C02057;C02265,L-Phenylalanine;Phenylalanine;D-Phenylalanine,4699287911.431578,4609632457.908641,4558823413.322471,3138522730.842352,4582678787.181598,2110167211.1563573,5309497407.708932,2753929477.230293,5637704880.541422,6216466798.788736,10594374753.31696,2833560111.94491,5181086739.993734,4373043655.294895,3310287072.22272
M118T932_POS,118.0864,931.8,C00719,L0010,Betaine,C5H11NO2,level2,C[N+](C)(C)CC(=O)[O-],KWIUHFFTVRNATP-UHFFFAOYSA-N,[M],[M+H]+,2.72,0.6,NA,NA,0.9545,0.72,MS1 + ExpLib Match,[4],M118T932_POS_[M+H]+,2,TRUE,C00719,Betaine,888846533.3103765,1680504417.214707,1599171528.572128,2130260710.9512045,1831877567.5566447,1856135017.072946,2048343920.0059204,1476883886.143607,1972429221.2032325,1906042834.0189657,2256658314.300799,2072522698.7197182,2098549667.3437617,2189496733.735862,2410253677.1255426
M138T65_POS_a,138.0547,64.8,C00568,S0013,4-Aminobenzoate,C7H7NO2,level2,C1=CC(=CC=C1C(=O)O)N,ALYNCZNDIQEVRV-UHFFFAOYSA-N,[M],[M+H]+,2.72,1.7,NA,NA,0.999,0.72,MS1 + ExpLib Match,[12],M138T65_POS_[M+H]+,2,TRUE,C00568,4-Aminobenzoate,505344776.65333533,926743098.7731019,655142713.2896405,420017791.6211487,509010761.2619398,505854061.5803522,1137385590.6864827,700397562.914428,749548144.031207,573105585.9787738,472037569.8889745,361580977.5293858,346811673.4034449,420367468.04757184,444089590.5089516
M138T65_POS_b,138.0547,64.8,C01004,L0464,Trigonelline,C7H7NO2,level2,C[N+]1=CC=CC(=C1)C(=O)[O-],WWNNZCOKKKDOPX-UHFFFAOYSA-N,[M],[M+H]+,2.72,1.7,NA,NA,0.9961,0.72,MS1 + ExpLib Match,[12],M138T65_POS_[M+H]+,2,TRUE,C01004,N-Methylnicotinate,505344776.65333533,926743098.7731019,655142713.2896405,420017791.6211487,509010761.2619398,505854061.5803522,1137385590.6864827,700397562.914428,749548144.031207,573105585.9787738,472037569.8889745,361580977.5293858,346811673.4034449,420367468.04757184,444089590.5089516
M165T447_POS,165.0547,447.2,C00811,L0258,4-Hydroxycinnamic acid,C9H8O3,level2,C1=CC(=CC=C1/C=C/C(=O)O)O,NGSWKAQJJWESNS-ZZXKWVIFSA-N,[M],[M+H]+,2.72,0.2,NA,NA,0.9476,0.72,MS1 + ExpLib Match,[17],M165T447_POS_[M+H]+,4,TRUE,C00811;C06738,4-Coumarate;cis-p-Coumarate,21053368.24415341,56242311.3922276,104787692.16746904,49730726.50654622,21036249.706199665,47690858.92867604,73983184.3402909,66160086.71446444,87106517.44844092,58867686.35247369,24907706.96061536,51311661.85911807,79687152.19330408,80553857.01857617,48156246.615092
M210T952_POS,210.076,951.8,C03710,S0092,N-Benzyloxycarbonylglycine,C10H11NO4,level2,C1=CC=C(C=C1)COC(=O)NCC(=O)O,CJUMAFVKTCBCJK-UHFFFAOYSA-N,[M],[M+H]+,2.72,0.7,NA,NA,0.966,0.72,MS1 + ExpLib Match,[24],M210T952_POS_[M+H]+,3,TRUE,C03710,N-Benzyloxycarbonylglycine,13013342.890268417,44795311.4317417,32375743.389667675,45859573.94349535,38609235.10632031,42558733.54571128,12077958.668298885,25118601.022388514,38043413.31676572,28483424.331515215,27706667.90790534,27042519.344690777,31806818.266284503,28219767.17805292,38958730.09931631
M104T63_POS,104.1072,63.3,C00114,S0110,Choline,C5H14NO,level2,C[N+](C)(C)CCO,OEYIOHPDSNJKLS-UHFFFAOYSA-N,[M],[M]+,2.71,1.1,NA,NA,0.9588,0.71,MS1 + ExpLib Match,[2],M104T63_POS_[M]+,3,FALSE,C00114,Choline,5080503367.786697,4091883915.4747195,5954119642.721947,4505263854.987303,5778884147.398987,5791528930.903708,5601359481.371585,5291496192.914814,8407297361.043401,4773635710.9184885,5386269322.72282,3925192272.657653,5082813905.297083,4796560607.985016,4299287204.918211
M146T65_POS,146.1175,65.2,C01996,L0265,Acetylcholine,C7H16NO2,level2,CC(=O)OCC[N+](C)(C)C,OIPILFWXSMYKGL-UHFFFAOYSA-N,[M],[M]+,2.71,0.8,NA,NA,0.9469,0.71,MS1 + ExpLib Match,[13],M146T65_POS_[M]+,3,FALSE,C01996,Acetylcholine,345897542.6286682,397952454.70739645,858323626.6065382,299986657.51853,365756001.0181402,1195082967.3113463,481562302.7435225,329689960.08722377,422172981.18164307,661037989.4980019,630052873.6401713,383176763.8360098,701133726.1495959,243735843.13272074,303482964.75602704
M156T63_POS,156.0768,63.3,C00135,S0059,L-Histidine,C6H9N3O2,level2,C1=C(NC=N1)C[C@@H](C(=O)O)N,HNDVDQJCIGZPNO-YFKPBYRVSA-N,[M],[M+H]+,2.71,0.2,NA,NA,0.9198,0.71,MS1 + ExpLib Match,[15],M156T63_POS_[M+H]+,2,TRUE,C00135;C00768;C06419,L-Histidine;Histidine;D-Histidine,42162679.68146086,190992610.7232489,38467257.58257003,31428979.402654395,39883032.61047781,6749458.293160579,50008292.641770616,12482116.41597977,47585841.4365398,67490239.4948303,106993477.36440198,22775462.984992605,34539180.75409682,28389089.097009335,26181722.390290175
M162T64_POS,162.1124,64.2,C00318,S0060,L-Carnitine,C7H15NO3,level2,C[N+](C)(C)C[C@@H](CC(=O)[O-])O,PHIQHXFUZVPYII-ZCFIWIBFSA-N,[M],[M+H]+,2.71,0.4,NA,NA,0.9298,0.71,MS1 + ExpLib Match,[16],M162T64_POS_[M+H]+,3,TRUE,C00318;C00487;C15025,L-Carnitine;Carnitine;(S)-Carnitine,728603197.9510305,1470922524.2463272,1924318943.501025,703250333.7969705,761361792.2400224,1862185600.5800047,1037079849.8978848,1290244136.9380276,1106337142.9933188,943052968.6874747,932733565.9225591,1271859731.4952366,1059833021.2246709,644139180.5776421,665922826.5413923
M190T754_POS,190.0498,754.2,C01717,S0079,Kynurenic acid,C10H7NO3,level2,C1=CC=C2C(=C1)C(=O)C=C(N2)C(=O)O,HCZHHEIFKROPDY-UHFFFAOYSA-N,[M],[M+H]+,2.71,0.4,NA,NA,0.9298,0.71,MS1 + ExpLib Match,[20],M190T754_POS_[M+H]+,5,TRUE,C01717,4-Hydroxy-2-quinolinecarboxylic acid,64872495.597009055,64548307.9883168,64817610.16265709,79602422.70466231,67773407.00156027,66747680.482392,65123546.01899591,63823458.18174166,66351093.77644184,69957413.98757271,69258743.81157577,67251980.7968571,70248280.56245033,64454806.08134752,77989238.4214519
M206T90_POS,206.1385,90.3,C05944,S0314,Pantothenol,C9H19NO4,level2,CC(C)(CO)C(O)C(=O)NCCCO,SNPLKNRPJHDVJA-UHFFFAOYSA-N,[M],[M+H]+,2.71,1.2,NA,NA,0.9505,0.71,MS1 + ExpLib Match,[22],M206T90_POS_[M+H]+,1,TRUE,C05944,Pantothenol,20224571.305649463,10101941.202985404,30253062.40891301,9691499.778894242,16776907.747468304,26588896.99289103,36253722.947850235,24454506.85580329,10716592.65786276,48367719.066515416,25316676.777316693,11527384.381196715,7533033.409689886,7261874.396009359,9716669.365402492
M120T66_POS_a,120.0656,66.1,C00188,S0045,L-Threonine,C4H9NO3,level2,C[C@H]([C@@H](C(=O)O)N)O,AYFVYJQAPQTCCC-GBXIJSLDSA-N,[M],[M+H]+,2.7,0.4,NA,NA,0.9125,0.7,MS1 + ExpLib Match,[6],M120T66_POS_[M+H]+,6,TRUE,C00188;C00820;C05519;C12317,L-Threonine;D-Threonine;L-Allothreonine;D-Allothreonine,70533819.78520742,220376138.087642,79342255.48939468,52038357.28602731,72137688.02840777,34708535.747884825,112154053.32562011,41098336.46793788,86939644.68462028,112071101.49797587,109827346.31308658,50296904.581982136,64005983.478772245,58316229.8928561,63391037.899713546
M182T77_POS_a,182.081,76.7,C00082,S0064,L-Tyrosine,C9H11NO3,level2,C1=CC(=CC=C1C[C@@H](C(=O)O)N)O,OUYCCCASQSFEME-QMMMGPOBSA-N,[M],[M+H]+,2.7,0.9,NA,NA,0.9282,0.7,MS1 + ExpLib Match,[19],M182T77_POS_[M+H]+,6,TRUE,C00082;C01536;C06420,L-Tyrosine;Tyrosine;D-Tyrosine,310321038.4693385,300043580.4828837,263718145.73874128,159200117.49632448,276280893.4626319,140854992.90583473,281089753.9693063,108135416.81339212,213030732.02495697,335956115.95170486,452295265.08429116,176857322.739544,246529940.2783211,185656003.14917472,204531413.87801126
M209T149_POS,209.0918,148.6,C00328,S0083,L-Kynurenine,C10H12N2O3,level2,C1=CC=C(C(=C1)C(=O)C[C@@H](C(=O)O)N)N,YGPSJZOEDVAXAB-QMMMGPOBSA-N,[M],[M+H]+,2.7,1.2,NA,NA,0.948,0.7,MS1 + ExpLib Match,[23],M209T149_POS_[M+H]+,2,TRUE,C00328;C01718,L-Kynurenine;Kynurenine,24071123.42348775,25395614.74982412,23156113.698987145,29638008.20854259,24493170.001719147,21051380.309683044,24929750.783218056,22442161.93301399,23993488.65760594,26917220.29380978,31636710.979796015,19282046.866975054,27613532.68432042,25351175.26277657,26904106.18454388
M284T909_POS,284.294,909.5,C13846,S0286,Stearamide,C18H37NO,level2,CCCCCCCCCCCCCCCCCC(=O)N,LYRFLYHAGKPMFH-UHFFFAOYSA-N,[M],[M+H]+,2.7,2.9,NA,NA,0.9997,0.7,MS1 + ExpLib Match,[30],M284T909_POS_[M+H]+,5,TRUE,NA,NA,352963805.75683904,341154656.05174667,565039643.9807429,334924859.2784245,358904872.5675634,407036327.9016099,582795539.6602662,439076400.57727593,360796671.01984996,326178993.7165213,328779028.67913675,436684301.38196766,410382305.6240575,342360929.0794597,338930312.6501634
M289T816_POS,289.2162,815.9,C00535,S0127,Testosterone,C19H28O2,level2,CC12CCC(C=C2CCC3(C4(CCC(C4(C)CCC31[H])(O)[H])[H])[H])=O,MUMGGOZAMZWBJJ-DYKIIFRCSA-N,[M],[M+H]+,2.7,0,NA,NA,0.9031,0.7,MS1 + ExpLib Match,[31],M289T816_POS_[M+H]+,3,TRUE,C00535,Testosterone,4820440.233458971,5910184.039535616,4690319.022011239,5902734.518379343,5110906.049762145,7217143.52787687,5223870.641712834,6114751.483944321,5884885.808808922,5557804.307806171,5097067.225777704,5358923.451994798,4481624.106286583,5292804.725229615,5721018.890434391
M129T64_POS,129.0658,64.2,C00906,S0158,Dihydrothymine,C5H8N2O2,level2,CC1CNC(=O)NC1=O,NBAKTGXDIBVZOO-UHFFFAOYSA-N,[M],[M+H]+,2.69,0.5,NA,NA,0.8943,0.69,MS1 + ExpLib Match,[8],M129T64_POS_[M+H]+,4,TRUE,C00906;C21028,"5,6-Dihydrothymine;(R)-5,6-Dihydrothymine",35509886.567839205,121682998.8778769,43070160.378848836,21276790.438559227,35845003.741566926,19846126.778625023,77556582.17973216,27421834.363632046,25880265.879112028,42016042.60018026,37178807.74933491,24286558.25910935,24529012.490925983,33143102.954550274,23863550.635220006
M235T87_POS,235.1077,87.1,NA,L0131,5-methoxytryptophan,C12H14N2O3,level2,COC1=CC2=C(NC=C2C[C@H](N)C(O)=O)C=C1,KVNPSKDDJARYKK-JTQLQIEISA-N,[M],[M+H]+,2.68,0.2,NA,NA,0.8609,0.68,MS1 + ExpLib Match,[27],M235T87_POS_[M+H]+,2,TRUE,NA,NA,6039230.977073817,5823790.160475178,10709178.720998451,6226559.79567329,4663641.19219125,5684945.90016446,4325332.571070171,4124671.5484826486,3233001.5627731658,4278089.56752088,4065466.726577436,10213663.948436514,6381970.518467036,1679696.1843633617,6496718.176328453
M247T86_POS,247.1289,86.2,NA,L0410,gamma-L-Glutamyl-L-valine,C10H18N2O5,level2,CC(C)C(C(=O)O)NC(=O)CCC(C(=O)O)N,AQAKHZVPOOGUCK-UHFFFAOYSA-N,[M],[M+H]+,2.68,0,NA,NA,0.8522,0.68,MS1 + ExpLib Match,[29],M247T86_POS_[M+H]+,1,TRUE,NA,NA,4743034.4045668,56060488.01167175,6724431.303919219,4945781.223216652,5357360.720845701,28162665.63187301,5744568.494386637,5084979.818821683,13003417.491749387,5957288.282277808,7172954.622465035,4858838.111946466,3439944.793815952,7934094.257793973,6275040.933797727
M85T72_POS,85.0289,72.2,C06144,S0373,3-Butynoic acid,C4H4O2,level2,C#CCC(=O)O,KKAHGSQLSTUDAV-UHFFFAOYSA-N,[M],[M+H]+,2.67,5,NA,NA,0.9999,0.67,MS1 + ExpLib Match,[1],M85T72_POS_[M+H]+,2,TRUE,C06144,3-Butynoate,284829047.1333187,264318104.62978205,280672613.77665156,308287926.6749468,342826841.1476405,309378389.1175911,325111009.53873485,425596685.08865154,331078342.63928545,238295077.89746347,280785280.4180346,277413684.589547,245868309.02811056,183283971.98659694,291715744.98711103
M148T66_POS,148.0603,66.2,C00025,S0056,L-Glutamate,C5H9NO4,level2,C(CC(=O)O)[C@@H](C(=O)O)N,WHUUTDBJXJRKMK-VKHMYHEASA-N,[M],[M+H]+,2.67,1,NA,NA,0.8799,0.67,MS1 + ExpLib Match,[14],M148T66_POS_[M+H]+,4,TRUE,C00025;C00217;C00302,L-Glutamate;D-Glutamate;Glutamate,199574243.42493644,143935814.6714119,313351261.1701218,169276043.03940055,208294046.06064424,143838551.86441445,247370118.64426535,233995683.11428875,210212217.9263162,287428363.202199,163131285.4789292,222759183.0984654,234684459.75034744,102560943.99769422,160297330.80413494
M182T77_POS_b,182.081,76.7,NA,S0258,DL-O-tyrosine,C9H11NO3,level2,NC(CC1=CC=CC=C1O)C(O)=O,WRFPVMFCRNYQNR-UHFFFAOYSA-N,[M],[M+H]+,2.67,0.9,NA,NA,0.8769,0.67,MS1 + ExpLib Match,[19],M182T77_POS_[M+H]+,6,TRUE,NA,NA,310321038.4693385,300043580.4828837,263718145.73874128,159200117.49632448,276280893.4626319,140854992.90583473,281089753.9693063,108135416.81339212,213030732.02495697,335956115.95170486,452295265.08429116,176857322.739544,246529940.2783211,185656003.14917472,204531413.87801126
M205T148_1_POS,205.0968,148.3,C00078,S0067,L-Tryptophan,C11H12N2O2,level2,C1=CC=C2C(=C1)C(=CN2)CC(C(=O)O)N,QIVBCDIJIAJPQS-UHFFFAOYSA-N,[M],[M+H]+,2.67,2,NA,NA,0.903,0.67,MS1 + ExpLib Match,[21],M205T148_1_POS_[M+H]+,7,TRUE,C00078;C00525;C00806,L-Tryptophan;D-Tryptophan;Tryptophan,1141774002.4363873,1720024315.532137,1043990060.30868,1625287894.5603137,1121892031.186521,631221664.5945047,923355279.2210813,673393064.8826702,1479162881.2477036,1586161181.5094655,2745903829.790075,604492157.010661,1438390115.922572,1447561787.3226352,1843789468.254036
M116T64_POS_a,116.0708,64.3,C00148,S0088,L-Proline,C5H9NO2,level2,C1C[C@H](NC1)C(=O)O,ONIBWKKTOPOVIA-BYPYZUCNSA-N,[M],[M+H]+,2.66,1.3,NA,NA,0.8615,0.66,MS1 + ExpLib Match,[3],M116T64_POS_[M+H]+,8,TRUE,C00148;C00763;C16435,L-Proline;D-Proline;Proline,1314423959.1953518,1918145720.5826228,1086659876.9373438,1352955795.9637802,1390395826.894946,804026869.2309401,1200521519.7240744,634925745.7183186,1743738319.1593852,1207572857.7070665,2257770828.065908,1049277163.8590696,784354268.748996,1575000366.2064452,1450574866.3037658
M120T66_POS_b,120.0656,66.1,C00263,S0107,L-homoserine,C4H9NO3,level2,C(CO)[C@@H](C(=O)O)N,UKAUYVFTDYCKQA-VKHMYHEASA-N,[M],[M+H]+,2.66,0.4,NA,NA,0.8415,0.66,MS1 + ExpLib Match,[6],M120T66_POS_[M+H]+,6,TRUE,C00263,L-Homoserine,70533819.78520742,220376138.087642,79342255.48939468,52038357.28602731,72137688.02840777,34708535.747884825,112154053.32562011,41098336.46793788,86939644.68462028,112071101.49797587,109827346.31308658,50296904.581982136,64005983.478772245,58316229.8928561,63391037.899713546
M243T102_POS,243.0864,101.8,C01727,S0293,Lumichrome,C12H10N4O2,level2,CC1=CC2=C(C=C1C)N=C3C(=N2)C(=O)NC(=O)N3,ZJTJUVIJVLLGSP-UHFFFAOYSA-N,[M],[M+H]+,2.66,5.3,NA,NA,0.9995,0.66,MS1 + ExpLib Match,[28],M243T102_POS_[M+H]+,2,TRUE,C01727,Lumichrome,4505487.802024321,3785554.7773700194,6090895.842400808,5012678.329183537,4085146.969777845,4809855.036673578,7338734.101092759,9598522.465981018,8174536.526736355,3871709.7563450453,3847081.969466665,7062614.352926805,4073696.282655458,5838727.8782863235,5027290.98853131
M116T64_POS_b,116.0708,64.3,C00763,S0043,D-Proline,C5H9NO2,level2,C1CC(NC1)C(=O)O,ONIBWKKTOPOVIA-UHFFFAOYSA-N,[M],[M+H]+,2.65,1.3,NA,NA,0.8528,0.65,MS1 + ExpLib Match,[3],M116T64_POS_[M+H]+,8,TRUE,C00148;C00763;C16435,L-Proline;D-Proline;Proline,1314423959.1953518,1918145720.5826228,1086659876.9373438,1352955795.9637802,1390395826.894946,804026869.2309401,1200521519.7240744,634925745.7183186,1743738319.1593852,1207572857.7070665,2257770828.065908,1049277163.8590696,784354268.748996,1575000366.2064452,1450574866.3037658
M130T66_POS,130.0862,66.2,C00408,S0050,L-Pipecolic acid,C6H11NO2,level2,C1CCNC(C1)C(=O)O,HXEACLLIILLPRG-YFKPBYRVSA-N,[M],[M+H]+,2.65,0.9,NA,NA,0.8364,0.65,MS1 + ExpLib Match,[9],M130T66_POS_[M+H]+,4,TRUE,C00408,L-Pipecolate,1145527470.2056103,1406545240.0377667,998776015.9041679,2019845355.157275,1197082568.1009793,647919743.4429588,1620185869.1189315,628490540.5660995,2899125062.1820626,1313555098.3427298,890448677.1653966,609135021.5864334,2111308299.6062179,1788951461.8937547,2144645341.1393344
M136T956_POS,136.0755,955.5,C07565,S0319,N-Phenylacetamide,C8H9NO,level2,CC(=O)NC1=CC=CC=C1,FZERHIULMFGESH-UHFFFAOYSA-N,[M],[M+H]+,2.65,1.4,NA,NA,0.8537,0.65,MS1 + ExpLib Match,[11],M136T956_POS_[M+H]+,1,TRUE,C07565,Acetanilide,61493319.962604076,44049492.41373822,69822544.86704122,14501234.79009384,30875866.163032487,55905482.2087996,67332325.2313501,51412262.72815687,54105172.62693848,35087307.20541505,46457721.69039151,52422006.66112183,52639861.502208665,76985759.70704412,38054918.97220881
M219T330_POS,219.1126,329.7,C00978,S0130,N-Acetylserotonin,C12H14N2O2,level2,CC(=O)NCCC1=CNC2=C1C=C(C=C2)O,MVAWJSIDNICKHF-UHFFFAOYSA-N,[M],[M+H]+,2.65,1.2,NA,NA,0.8475,0.65,MS1 + ExpLib Match,[25],M219T330_POS_[M+H]+,1,TRUE,C00978,N-Acetylserotonin,5383041.045430484,13040987.193641301,4318099.315016465,3836604.800174367,5254185.330745247,2959328.931323192,2139935.635881018,3589629.8775191163,2384103.1451687757,4025889.6170573705,5241696.02486716,2302730.3533767425,2493715.19263632,4562519.768624289,4816981.351951152
M338T843_2_POS,338.3407,843.4,NA,L0202,Erucamide,C22H43NO,level2,O=C(CCCCCCCCCCC/C=C\CCCCCCCC)N,UAUDZVJPLUQNMU-KTKRTIGZSA-N,[M],[M+H]+,2.65,3.2,NA,NA,0.9048,0.65,MS1 + ExpLib Match,[33],M338T843_2_POS_[M+H]+,7,TRUE,NA,NA,2071140981.3906696,2388719808.283406,1861253371.6187267,626291310.6809703,1923683944.2097843,2083196460.6878915,2717786984.0429926,1689539471.0525353,561691711.6564844,1793123494.382455,1559173506.1957338,1627568077.3791533,1905459820.9498994,667633646.9015718,1780011706.6240957
M347T814_POS,347.2189,813.9,C05488,S0333,11-Deoxycortisol,C21H30O4,level2,CC12CCC(=O)C=C1CCC3C2CCC4(C3CCC4(C(=O)CO)O)C,WHBHBVVOGNECLV-OBQKJFGGSA-N,[M],[M+H]+,2.52,8.2,NA,NA,0.8098,0.52,MS1 + ExpLib Match,[34],M347T814_POS_[M+H]+,3,TRUE,C05488,11-Deoxycortisol,41581439.109610446,46496701.92656809,43162186.78396238,59015125.5542739,43628195.14291231,56663361.80074477,41268650.98857843,50282338.96389183,61419190.5293828,49837889.31207266,56691578.76754139,54826307.57396594,50877268.14490906,63311586.68630132,56748009.63802803
M324T617_POS_a,324.2535,616.7,KeggExd118168,NA,NA,C19H30O3,level3.2,C[C@]12CC[C@@H](CC1=C[C@H]([C@H]1[C@@H]3CCC([C@@]3(C)CC[C@H]21)O)O)O,OEVZKEVBDIDVOI-DIUKGONKSA-N,[M],[M+NH4]+,2,0.2,NA,0,0.9994,1,metAnnotation,[56],M324T617_POS_[M+NH4]+,3,FALSE,NA,NA,3766844.8433836545,10147669.158941502,7241888.30045655,6927855.245820814,4635625.986753656,7861291.949504383,4857879.665886607,4727592.882814925,9742510.403673219,4248309.706978063,7822989.339395605,4855687.520423991,4530906.950775215,4951898.982480613,6869775.48943231
M324T617_POS_b,324.2535,616.7,KeggExd031697,NA,NA,C19H30O3,level3.2,C[C@]12CC[C@@H](CC1=CC[C@H]1[C@@H]3CC[C@@H]([C@@]3(C)CC([C@H]21)O)O)O,ZHAABJRKOCQPKV-YVKZUFEFSA-N,[M],[M+NH4]+,1.99,0.2,NA,0.5,0.9994,0.99,metAnnotation,[56],M324T617_POS_[M+NH4]+,3,FALSE,NA,NA,3766844.8433836545,10147669.158941502,7241888.30045655,6927855.245820814,4635625.986753656,7861291.949504383,4857879.665886607,4727592.882814925,9742510.403673219,4248309.706978063,7822989.339395605,4855687.520423991,4530906.950775215,4951898.982480613,6869775.48943231
M478T727_POS,478.293,727,KeggExd028935,NA,NA,C25H43O7,level3.2,C[C@]12CC[C@H](C[C@@H]1CC[C@H]1[C@@H]3CC[C@@H]([C@@]3(C)CC[C@H]21)O)[OH+]C1C(C(C(C(CO)O1)O)O)O,GLEGZMXNGBPVAX-YVYRLAJASA-N,[M],[M+Na]+,1.81,5.9,NA,4.1,0.8932,0.81,metAnnotation,[71],M478T727_POS_[M+Na]+,4,FALSE,NA,NA,66143313.891434304,36223116.18817633,54937944.550828665,27660797.92949744,62446747.157529846,31200171.699533954,56847399.23538469,106949656.29188319,214657962.97254318,61601566.593077,77689776.36994405,87588355.24482635,32065960.840059143,83190644.12401657,32262235.822347302
M267T101_POS,267.134,100.9,C20926,NA,gamma-Glutamyltyramine,C13H18N2O4,level3.1,O=C(CC[C@@H](C(=O)O)N)NCCc1ccc(cc1)O,ICIIWGMCNMZIQX-NSHDSACASA-N,[M],[M+H]+,1.79,0,NA,16.2,0.8453,0.79,metAnnotation,[47],M267T101_POS_[M+H]+,1,TRUE,C20926,gamma-Glutamyltyramine,5053832.271119574,10610994.38365467,8341789.8987726,4573453.814620415,4593864.339948171,7874601.554641061,3383201.9463752266,5119459.915439808,9828834.652563194,6490545.618157687,14993136.337428082,32568250.462912735,6505612.029753708,694942.2366168264,5124714.877048343
M415T707_POS_a,415.2111,706.5,KeggExd085102,NA,NA,C21H34O6S,level3.2,C[C@]12CC[C@H](C[C@@H]1CC[C@H]1[C@@H]3CC[C@H](C(=O)CO)[C@@]3(C)CC[C@H]21)OS(=O)(=O)O,NAZGRBPLFCORNW-GDYGHMJCSA-N,[M],[M+H]+,1.78,9.2,NA,6.1,0.9586,0.78,metAnnotation,[66],M415T707_POS_[M+H]+,28,FALSE,NA,NA,481172459.3762563,244070955.0320386,283453810.93000865,272391180.90765923,483693137.60441554,232589486.58266014,187657021.98892996,373462423.69938755,767995432.5359128,265630179.95937592,180450931.56030503,236129973.13541946,733907439.5853349,214155816.30337852,288932323.80916107
M267T733_POS,267.1719,732.9,C20144,NA,"Androsta-1,4-diene-3,17-dione",C19H24O2,level3.1,O=C1C=C[C@]2(C(=C1)CC[C@@H]1[C@@H]2CC[C@]2([C@H]1CCC2=O)C)C,LUJVUUWNAPIQQI-QAGGRKNESA-N,[M],[M-H2O+H]+,1.77,6.1,NA,15.7,0.996,0.77,metAnnotation,[48],M267T733_POS_[M-H2O+H]+,1,FALSE,C20144,"Androsta-1,4-diene-3,17-dione",7877025.297092677,9675102.369140482,9769426.434900425,7208984.474818339,7799500.694308076,8331549.67692495,7441322.454955741,6971943.860223681,6687108.972194864,9035695.338580053,7765773.030773706,8337134.376727072,8462717.63079323,8216421.46724933,8041126.847042441
M350T765_POS_a,350.2687,764.6,C18040,NA,5alpha-Dihydrodeoxycorticosterone,C21H32O3,level3.1,OCC(=O)[C@H]1CC[C@@H]2[C@]1(C)CC[C@H]1[C@H]2CC[C@@H]2[C@]1(C)CCC(=O)C2,USPYDUPOCUYHQL-KVHKMPIWSA-N,[M],[M+NH4]+,1.77,0.8,NA,3,0.615,0.77,metAnnotation,[62],M350T765_POS_[M+NH4]+,4,TRUE,C18040,5alpha-Dihydrodeoxycorticosterone,2390636.3795084027,3055095.2171207485,2462113.1933227303,2687442.451440723,2527942.8642093004,4608775.048241409,2695091.73634597,3519160.554236686,2699164.9835806107,2643057.5391837168,2775412.265618735,3091977.7265237058,2220943.8114693076,2462268.447518468,2892514.3283005254
M147T65_POS,147.0763,65.2,C01879,NA,5-Oxoproline,C5H7NO3,level3.1,O=C1CC[C@H](N1)C(=O)O,ODHCTXKNWHHXJC-VKHMYHEASA-N,[M],[M+NH4]+,1.76,0.4,NA,20.8,0.8873,0.76,metAnnotation,[36],M147T65_POS_[M+NH4]+,7,TRUE,C01879;C02237,5-Oxoproline;5-Oxo-D-proline,1101652919.7310195,3098729151.795297,1631752614.6454294,175641794.26092586,1141491925.7269585,356801913.5515743,1464882180.268523,230363791.9938385,1754515597.5877867,1570185906.9313326,1478577593.4277756,764141157.0318251,850777397.5556251,124319025.94447815,170408304.88071996
M350T765_POS_b,350.2687,764.6,C05485,NA,21-Hydroxypregnenolone,C21H32O3,level3.1,OCC(=O)[C@H]1CC[C@@H]2[C@]1(C)CC[C@H]1[C@H]2CC=C2[C@]1(C)CCC(C2)O,MOIQRAOBRXUWGN-JIUSCHCVSA-N,[M],[M+NH4]+,1.75,0.8,NA,5.1,0.615,0.75,metAnnotation,[62],M350T765_POS_[M+NH4]+,4,TRUE,C05485,21-Hydroxypregnenolone,2390636.3795084027,3055095.2171207485,2462113.1933227303,2687442.451440723,2527942.8642093004,4608775.048241409,2695091.73634597,3519160.554236686,2699164.9835806107,2643057.5391837168,2775412.265618735,3091977.7265237058,2220943.8114693076,2462268.447518468,2892514.3283005254
M306T784_POS_a,306.2425,784.3,C00674,NA,"5alpha-Androstane-3,17-dione",C19H28O2,level3.1,O=C1CC[C@]2([C@H](C1)CC[C@@H]1[C@@H]2CC[C@]2([C@H]1CCC2=O)C)C,RAJWOBJTTGJROA-WZNAKSSCSA-N,[M],[M+NH4]+,1.73,0.8,NA,10.8,0.6616,0.73,metAnnotation,[52],M306T784_POS_[M+NH4]+,2,TRUE,C00674;C03772,"5alpha-Androstane-3,17-dione;5beta-Androstane-3,17-dione",4135056.3386034635,5138772.211206015,4171258.836125929,5887371.109755356,4265777.072542843,8297748.849271031,4932266.903918995,6822224.720095003,5561097.1182863815,4384068.030352101,4482260.632542786,3086775.0060994714,3978424.7129561347,3478588.6499853595,6542042.5061828755
M306T784_POS_b,306.2425,784.3,C03772,NA,"5beta-Androstane-3,17-dione",C19H28O2,level3.1,O=C1CC[C@]2([C@@H](C1)CC[C@@H]1[C@@H]2CC[C@]2([C@H]1CCC2=O)C)C,RAJWOBJTTGJROA-QJISAEMRSA-N,[M],[M+NH4]+,1.73,0.8,NA,10.8,0.6616,0.73,metAnnotation,[52],M306T784_POS_[M+NH4]+,2,TRUE,C00674;C03772,"5alpha-Androstane-3,17-dione;5beta-Androstane-3,17-dione",4135056.3386034635,5138772.211206015,4171258.836125929,5887371.109755356,4265777.072542843,8297748.849271031,4932266.903918995,6822224.720095003,5561097.1182863815,4384068.030352101,4482260.632542786,3086775.0060994714,3978424.7129561347,3478588.6499853595,6542042.5061828755
M307T814_POS_a,307.2269,814.2,KeggExd042644,NA,NA,C19H30O3,level3.2,C[C@]12CC[C@H]3[C@@H](CCC4CC(=O)CC[C@]34CO)[C@@H]1CC[C@@H]2O,ZCXLTIZTHGOSFH-FMZFWBJMSA-N,[M],[M+H]+,1.73,0.3,NA,16.7,0.7584,0.73,metAnnotation,[53],M307T814_POS_[M+H]+,4,TRUE,NA,NA,17904029.677086957,19432671.052454293,18064355.216376178,20165730.83625116,18786611.596154816,24960588.7627395,17052958.085359517,22049677.932992436,22920897.754525013,20122052.871401295,18590213.934500713,19312405.19279551,17129161.885401364,20348782.56338728,20850097.871919613
M307T814_POS_b,307.2269,814.2,KeggExd029384,NA,NA,C19H30O3,level3.2,C[C@]12CCC(=O)C[C@@H]1CC[C@H]1[C@@H]3CC[C@@H]([C@@]3(C)CC([C@H]21)O)O,WARJRVLSUJRZKT-LKNAIHDPSA-N,[M],[M+H]+,1.73,0.3,NA,17.4,0.7584,0.73,metAnnotation,[53],M307T814_POS_[M+H]+,4,TRUE,NA,NA,17904029.677086957,19432671.052454293,18064355.216376178,20165730.83625116,18786611.596154816,24960588.7627395,17052958.085359517,22049677.932992436,22920897.754525013,20122052.871401295,18590213.934500713,19312405.19279551,17129161.885401364,20348782.56338728,20850097.871919613
M307T814_POS_c,307.2269,814.2,KeggExd042558,NA,NA,C19H30O3,level3.2,C[C@]12CCC(=O)CC1C[C@H]([C@H]1[C@@H]3CC[C@@H]([C@@]3(C)CC[C@H]21)O)O,AYOPWAMPNDGXSM-ATAPYYSUSA-N,[M],[M+H]+,1.73,0.3,NA,17.4,0.7584,0.73,metAnnotation,[53],M307T814_POS_[M+H]+,4,TRUE,NA,NA,17904029.677086957,19432671.052454293,18064355.216376178,20165730.83625116,18786611.596154816,24960588.7627395,17052958.085359517,22049677.932992436,22920897.754525013,20122052.871401295,18590213.934500713,19312405.19279551,17129161.885401364,20348782.56338728,20850097.871919613
M307T814_POS_d,307.2269,814.2,KeggExd155195,NA,NA,C19H30O3,level3.2,C[C@]12CC[C@H]3[C@@H](CCC4CC(=O)C[C@@H]([C@]34C)O)[C@@H]1CC[C@@H]2O,MFLXKQKZFDLMMZ-CDXHXMBYSA-N,[M],[M+H]+,1.73,0.3,NA,17.4,0.7584,0.73,metAnnotation,[53],M307T814_POS_[M+H]+,4,TRUE,NA,NA,17904029.677086957,19432671.052454293,18064355.216376178,20165730.83625116,18786611.596154816,24960588.7627395,17052958.085359517,22049677.932992436,22920897.754525013,20122052.871401295,18590213.934500713,19312405.19279551,17129161.885401364,20348782.56338728,20850097.871919613
M350T765_POS_c,350.2687,764.6,KeggExd009618,NA,NA,C21H32O3,level3.2,CC(=O)[C@]1(CC[C@H]2[C@@H]3CCC4CC(=O)CC[C@]4(C)[C@H]3CC[C@]12C)O,UUOHXXXJRQGPLC-KHZXCVCGSA-N,[M],[M+NH4]+,1.73,0.8,NA,8.1,0.615,0.73,metAnnotation,[62],M350T765_POS_[M+NH4]+,4,TRUE,NA,NA,2390636.3795084027,3055095.2171207485,2462113.1933227303,2687442.451440723,2527942.8642093004,4608775.048241409,2695091.73634597,3519160.554236686,2699164.9835806107,2643057.5391837168,2775412.265618735,3091977.7265237058,2220943.8114693076,2462268.447518468,2892514.3283005254
M350T765_POS_d,350.2687,764.6,KeggExd027214,NA,NA,C21H32O3,level3.2,CC(=O)[C@H]1CC[C@H]2[C@@H]3CC[C@H]4CC(=O)CC[C@]4(C)[C@H]3C(C[C@]12C)O,XHCCPSKYYJBSAA-CSFAFBJGSA-N,[M],[M+NH4]+,1.73,0.8,NA,8.1,0.615,0.73,metAnnotation,[62],M350T765_POS_[M+NH4]+,4,TRUE,NA,NA,2390636.3795084027,3055095.2171207485,2462113.1933227303,2687442.451440723,2527942.8642093004,4608775.048241409,2695091.73634597,3519160.554236686,2699164.9835806107,2643057.5391837168,2775412.265618735,3091977.7265237058,2220943.8114693076,2462268.447518468,2892514.3283005254
M350T765_POS_e,350.2687,764.6,KeggExd027217,NA,NA,C21H32O3,level3.2,CC(=O)[C@H]1CC[C@H]2[C@H]3[C@H](CC[C@]12C)[C@@]1(C)CCC(=O)C[C@@H]1CC3O,UXALRBYPWIZBLB-GNHXWBOWSA-N,[M],[M+NH4]+,1.73,0.8,NA,8.1,0.615,0.73,metAnnotation,[62],M350T765_POS_[M+NH4]+,4,TRUE,NA,NA,2390636.3795084027,3055095.2171207485,2462113.1933227303,2687442.451440723,2527942.8642093004,4608775.048241409,2695091.73634597,3519160.554236686,2699164.9835806107,2643057.5391837168,2775412.265618735,3091977.7265237058,2220943.8114693076,2462268.447518468,2892514.3283005254
M237T148_POS,237.08690000000001,148.3,C02700,NA,L-Formylkynurenine,C11H12N2O4,level3.1,O=CNc1ccccc1C(=O)C[C@@H](C(=O)O)N,BYHJHXPTQMMKCA-QMMMGPOBSA-N,[M],[M+H]+,1.72,0.3,NA,4.1,0.5106,0.72,metAnnotation,[45],M237T148_POS_[M+H]+,3,TRUE,C02700;C15605,L-Formylkynurenine;N-Formyl-D-kynurenine,13006228.165865501,19682173.432224117,11643923.292025412,17970459.129046585,12532841.423193766,7896110.848283702,10411755.919422042,7102095.2610160075,14760132.078011302,15956182.31253282,27201750.4361412,7464615.346162527,16682545.074963706,14688494.002267411,19333907.472161047
M306T784_POS_c,306.2425,784.3,KeggExd031695,NA,NA,C19H28O2,level3.2,C[C@]12CCC(=O)CC1=CC[C@H]1[C@@H]3CC[C@@H]([C@@]3(C)CC[C@H]21)O,SEDRVEWTPRTLOZ-DYKIIFRCSA-N,[M],[M+NH4]+,1.72,0.8,NA,11.1,0.6616,0.72,metAnnotation,[52],M306T784_POS_[M+NH4]+,2,TRUE,NA,NA,4135056.3386034635,5138772.211206015,4171258.836125929,5887371.109755356,4265777.072542843,8297748.849271031,4932266.903918995,6822224.720095003,5561097.1182863815,4384068.030352101,4482260.632542786,3086775.0060994714,3978424.7129561347,3478588.6499853595,6542042.5061828755
M373T807_POS_a,373.23630000000003,806.9,C05476,NA,Tetrahydrocorticosterone,C21H34O4,level3.1,OCC(=O)[C@H]1CC[C@@H]2[C@]1(C)C[C@H](O)[C@H]1[C@H]2CC[C@H]2[C@]1(C)CC[C@H](C2)O,RHQQHZQUAMFINJ-DTDWNVJFSA-N,[M],[M+Na]+,1.72,3.3,NA,7.3,0.6689,0.72,metAnnotation,[64],M373T807_POS_[M+Na]+,5,TRUE,C05476,Tetrahydrocorticosterone,6321602.726601099,6068296.181450266,6112715.802074253,6255429.587127698,5944660.482523553,8803392.521780191,5805574.11976814,6469844.503762027,6408387.283789186,6210077.928924044,6098921.370659802,7485385.566779315,5111409.333666274,5790568.774627276,6873277.312720084
M350T765_POS_f,350.2687,764.6,C05138,NA,17alpha-Hydroxypregnenolone,C21H32O3,level3.1,O[C@H]1CC[C@]2(C(=CC[C@@H]3[C@@H]2CC[C@]2(C3CC[C@]2(O)C(=O)C)C)C1)C,JERGUCIJOXJXHF-BZXJGPHVSA-N,[M],[M+NH4]+,1.7,0.8,NA,20.1,0.7704,0.7,metAnnotation,[62],M350T765_POS_[M+NH4]+,4,TRUE,C05138,17alpha-Hydroxypregnenolone,2390636.3795084027,3055095.2171207485,2462113.1933227303,2687442.451440723,2527942.8642093004,4608775.048241409,2695091.73634597,3519160.554236686,2699164.9835806107,2643057.5391837168,2775412.265618735,3091977.7265237058,2220943.8114693076,2462268.447518468,2892514.3283005254
M304T472_POS,304.1175,471.6,C02922,NA,2'-O-Methyllicodione,C16H14O5,level3.1,COc1cc(O)ccc1C(=O)CC(=O)c1ccc(cc1)O,DMOSJPZKOKLUKK-UHFFFAOYSA-N,[M],[M+NH4]+,1.69,1.2,NA,29.5,0.9144,0.69,metAnnotation,[51],M304T472_POS_[M+NH4]+,1,FALSE,C02922,2'-O-Methyllicodione,3661566.626206189,8991136.42367394,2836901.4380229837,1422024.97790479,4366746.841661926,6319701.584123024,2837504.63966571,2742580.3854466965,1092096.6826333224,3770032.3981408477,3648120.206568176,6681402.594760522,2418523.6503902576,1894355.2195717033,1065959.6382378093
M306T784_POS_d,306.2425,784.3,KeggExd118167,NA,NA,C19H28O2,level3.2,C[C@]12C=CC[C@H]2[C@H]2[C@H](CC1)[C@@]1(C)CC[C@@H](CC1=C[C@H]2O)O,YBVHLRCUKWRQHV-CYAHPCQSSA-N,[M],[M+NH4]+,1.69,0.8,NA,21.8,0.7704,0.69,metAnnotation,[52],M306T784_POS_[M+NH4]+,2,TRUE,NA,NA,4135056.3386034635,5138772.211206015,4171258.836125929,5887371.109755356,4265777.072542843,8297748.849271031,4932266.903918995,6822224.720095003,5561097.1182863815,4384068.030352101,4482260.632542786,3086775.0060994714,3978424.7129561347,3478588.6499853595,6542042.5061828755
M306T784_POS_e,306.2425,784.3,KeggExd018250,NA,NA,C19H28O2,level3.2,C[C@]12C=CC[C@H]2[C@@H]2CC=C3C[C@H](CC[C@]3(C)[C@H]2C(C1)O)O,XLYDEPUZLLSRII-CBSAKHSYSA-N,[M],[M+NH4]+,1.69,0.8,NA,21.8,0.7704,0.69,metAnnotation,[52],M306T784_POS_[M+NH4]+,2,TRUE,NA,NA,4135056.3386034635,5138772.211206015,4171258.836125929,5887371.109755356,4265777.072542843,8297748.849271031,4932266.903918995,6822224.720095003,5561097.1182863815,4384068.030352101,4482260.632542786,3086775.0060994714,3978424.7129561347,3478588.6499853595,6542042.5061828755
M335T912_POS,335.2576,911.6,C13713,NA,Allotetrahydrodeoxycorticosterone,C21H34O3,level3.1,OCC(=O)[C@H]1CC[C@@H]2[C@]1(C)CC[C@H]1[C@H]2CC[C@@H]2[C@]1(C)CC[C@H](C2)O,CYKYBWRSLLXBOW-GDYGHMJCSA-N,[M],[M+H]+,1.67,1.2,NA,24.2,0.7911,0.67,metAnnotation,[59],M335T912_POS_[M+H]+,4,TRUE,C13713,Allotetrahydrodeoxycorticosterone,11916233.394412944,12373354.9617752,8987080.43390463,14706065.017805487,12503079.062703136,16291672.669542687,11782492.06034512,16946165.0121286,14674202.348618114,12130831.70501984,13385729.899703292,10374695.577620773,14488705.396589063,13804183.35856174,17007171.118999355
M309T815_POS,309.2425,814.8,KeggExd028932,NA,NA,C19H32O3,level3.2,C[C@]12CC[C@H](C[C@@H]1CC[C@H]1[C@@H]3CC[C@@H]([C@@]3(C)CC([C@H]21)O)O)O,FNICIUSFFWRLFW-GGGATUKOSA-N,[M],[M+H]+,1.63,0.2,NA,27.5,0.7279,0.63,metAnnotation,[54],M309T815_POS_[M+H]+,4,TRUE,NA,NA,8114218.396832686,10704236.595887225,8748436.729193496,8401526.303052995,8720861.714280024,21969772.741469182,7206836.034384748,13762447.602227462,13358209.68228197,9388100.13387918,9654664.070028232,12498179.952880587,7400734.1647411715,11005577.398126034,10546740.249158332
M350T765_POS_g,350.2687,764.6,C18038,NA,7alpha-Hydroxypregnenolone,C21H32O3,level3.1,O[C@H]1CC[C@]2(C(=C[C@H]([C@@H]3[C@@H]2CC[C@]2([C@H]3CC[C@@H]2C(=O)C)C)O)C1)C,UEWNVBNIVGLQPG-XXHSLLPRSA-N,[M],[M+NH4]+,1.63,0.8,NA,19.8,0.615,0.63,metAnnotation,[62],M350T765_POS_[M+NH4]+,4,TRUE,C18038,7alpha-Hydroxypregnenolone,2390636.3795084027,3055095.2171207485,2462113.1933227303,2687442.451440723,2527942.8642093004,4608775.048241409,2695091.73634597,3519160.554236686,2699164.9835806107,2643057.5391837168,2775412.265618735,3091977.7265237058,2220943.8114693076,2462268.447518468,2892514.3283005254
M334T835_POS_a,334.2743,835.3,C03681,NA,"5alpha-Pregnane-3,20-dione",C21H32O2,level3.1,O=C1CC[C@]2([C@H](C1)CC[C@@H]1[C@@H]2CC[C@]2([C@H]1CC[C@@H]2C(=O)C)C)C,XMRPGKVKISIQBV-BJMCWZGWSA-N,[M],[M+NH4]+,1.62,0.4,NA,20.9,0.5962,0.62,metAnnotation,[58],M334T835_POS_[M+NH4]+,2,TRUE,C03681;C05479,"5alpha-Pregnane-3,20-dione;5beta-Pregnane-3,20-dione",17310723.779698487,17053060.021538775,15102017.710859306,15706649.573221963,16099679.401858447,23138371.17768609,14513827.903376695,23229449.775670584,15988692.726462077,15447485.20057667,15857451.698325858,21175837.504973248,14518410.276289755,14660961.517230632,17159294.60380593
M350T765_POS_h,350.2687,764.6,KeggExd018239,NA,NA,C21H32O3,level3.2,CC(=O)[C@H]1CC[C@H]2[C@@H]3CC=C4C[C@H](CC[C@]4(C)[C@H]3C(C[C@]12C)O)O,MWFVCWVMFCXVJV-LRENRSHFSA-N,[M],[M+NH4]+,1.62,0.8,NA,20.4,0.615,0.62,metAnnotation,[62],M350T765_POS_[M+NH4]+,4,TRUE,NA,NA,2390636.3795084027,3055095.2171207485,2462113.1933227303,2687442.451440723,2527942.8642093004,4608775.048241409,2695091.73634597,3519160.554236686,2699164.9835806107,2643057.5391837168,2775412.265618735,3091977.7265237058,2220943.8114693076,2462268.447518468,2892514.3283005254
M306T784_POS_f,306.2425,784.3,KeggExd002707,NA,NA,C19H28O2,level3.2,C[C@]12CCC(C=C1CC[C@H]1[C@@H]3CCC(=O)[C@@]3(C)CC[C@H]21)O,VMYTXBKVYDESSJ-HQEMIIEJSA-N,[M],[M+NH4]+,1.61,0.8,NA,24.3,0.6616,0.61,metAnnotation,[52],M306T784_POS_[M+NH4]+,2,TRUE,NA,NA,4135056.3386034635,5138772.211206015,4171258.836125929,5887371.109755356,4265777.072542843,8297748.849271031,4932266.903918995,6822224.720095003,5561097.1182863815,4384068.030352101,4482260.632542786,3086775.0060994714,3978424.7129561347,3478588.6499853595,6542042.5061828755
M306T784_POS_g,306.2425,784.3,C01227,NA,Dehydroepiandrosterone,C19H28O2,level3.1,O[C@H]1CC[C@]2(C(=CC[C@@H]3[C@@H]2CC[C@]2([C@H]3CCC2=O)C)C1)C,FMGSKLZLMKYGDP-USOAJAOKSA-N,[M],[M+NH4]+,1.6,0.8,NA,21.8,0.5962,0.6,metAnnotation,[52],M306T784_POS_[M+NH4]+,2,TRUE,C01227,Dehydroepiandrosterone,4135056.3386034635,5138772.211206015,4171258.836125929,5887371.109755356,4265777.072542843,8297748.849271031,4932266.903918995,6822224.720095003,5561097.1182863815,4384068.030352101,4482260.632542786,3086775.0060994714,3978424.7129561347,3478588.6499853595,6542042.5061828755
M351T723_POS_a,351.2525,722.7,C05476,NA,Tetrahydrocorticosterone,C21H34O4,level3.1,OCC(=O)[C@H]1CC[C@@H]2[C@]1(C)C[C@H](O)[C@H]1[C@H]2CC[C@H]2[C@]1(C)CC[C@H](C2)O,RHQQHZQUAMFINJ-DTDWNVJFSA-N,[M],[M+H]+,1.6,1.4,NA,3.9,0.3021,0.6,metAnnotation,[63],M351T723_POS_[M+H]+,1,TRUE,C05476,Tetrahydrocorticosterone,13754409.115256824,18151638.135298274,20122907.010313082,68522136.14979179,14732932.925921878,15059885.196770266,31814425.71031906,10411586.258667462,86791511.49200973,15358153.014103992,61354776.20768576,25695394.10534519,45440017.533041805,62200311.54971648,75270483.27381448
M351T723_POS_b,351.2525,722.7,KeggExd085099,NA,NA,C21H34O4,level3.2,C[C@]12CC[C@H](C[C@@H]1CC([C@H]1[C@@H]3CC[C@H](C(=O)CO)[C@@]3(C)CC[C@H]21)O)O,MELSBEBRLFUADB-WRHPPYLESA-N,[M],[M+H]+,1.6,1.4,NA,3.9,0.3021,0.6,metAnnotation,[63],M351T723_POS_[M+H]+,1,TRUE,NA,NA,13754409.115256824,18151638.135298274,20122907.010313082,68522136.14979179,14732932.925921878,15059885.196770266,31814425.71031906,10411586.258667462,86791511.49200973,15358153.014103992,61354776.20768576,25695394.10534519,45440017.533041805,62200311.54971648,75270483.27381448
M516T784_POS_a,516.332,783.9,KeggExd047520,NA,NA,C27H46O6S,level3.2,CC(C)CC[C@H]([C@@](C)([C@H]1CC[C@H]2[C@@H]3CC=C4C[C@H](CC[C@]4(C)[C@H]3CC[C@]12C)OS(=O)(=O)O)O)O,URJVHHGROFHVHA-TYKWNDPBSA-N,[M],[M+NH4]+,1.59,6.7,NA,18.2,0.6977,0.59,metAnnotation,[72],M516T784_POS_[M+NH4]+,10,FALSE,NA,NA,11534422.681843478,16949508.19143165,18056810.757564317,10790184.84352594,10652682.522941815,14627568.661907464,9378711.787395116,15078275.27275493,10868311.963418197,10946997.62848931,12568562.998819623,10388337.847185694,11428974.785851842,8747162.537388133,10199622.903249506
M516T784_POS_b,516.332,783.9,KeggExd047164,NA,NA,C27H46O6S,level3.2,CC(C)CCC[C@@](C)([C@]1(CC[C@H]2[C@@H]3CC=C4C[C@H](CC[C@]4(C)[C@H]3CC[C@]12C)OS(=O)(=O)O)O)O,RXUVSSZTWSMHOA-LUWBJXLVSA-N,[M],[M+NH4]+,1.59,6.7,NA,18.2,0.6977,0.59,metAnnotation,[72],M516T784_POS_[M+NH4]+,10,FALSE,NA,NA,11534422.681843478,16949508.19143165,18056810.757564317,10790184.84352594,10652682.522941815,14627568.661907464,9378711.787395116,15078275.27275493,10868311.963418197,10946997.62848931,12568562.998819623,10388337.847185694,11428974.785851842,8747162.537388133,10199622.903249506
M334T835_POS_b,334.2743,835.3,C01953,NA,Pregnenolone,C21H32O2,level3.1,O[C@H]1CC[C@]2(C(=CC[C@@H]3[C@@H]2CC[C@]2([C@H]3CC[C@@H]2C(=O)C)C)C1)C,ORNBQBCIOKFOEO-QGVNFLHTSA-N,[M],[M+NH4]+,1.55,0.4,NA,29.1,0.5962,0.55,metAnnotation,[58],M334T835_POS_[M+NH4]+,2,TRUE,C01953,Pregnenolone,17310723.779698487,17053060.021538775,15102017.710859306,15706649.573221963,16099679.401858447,23138371.17768609,14513827.903376695,23229449.775670584,15988692.726462077,15447485.20057667,15857451.698325858,21175837.504973248,14518410.276289755,14660961.517230632,17159294.60380593
M351T723_POS_c,351.2525,722.7,C05483,NA,"3alpha,20alpha,21-Trihydroxy-5beta-pregnan-11-one",C21H34O4,level3.1,OC[C@@H]([C@H]1CC[C@@H]2[C@]1(C)CC(=O)[C@H]1[C@H]2CC[C@H]2[C@]1(C)CC[C@H](C2)O)O,NGYONPIMXAHRCT-ZRQOLJPNSA-N,[M],[M+H]+,1.55,1.4,NA,2.2,0.1857,0.55,metAnnotation,[63],M351T723_POS_[M+H]+,1,TRUE,C05483,"3alpha,20alpha,21-Trihydroxy-5beta-pregnan-11-one",13754409.115256824,18151638.135298274,20122907.010313082,68522136.14979179,14732932.925921878,15059885.196770266,31814425.71031906,10411586.258667462,86791511.49200973,15358153.014103992,61354776.20768576,25695394.10534519,45440017.533041805,62200311.54971648,75270483.27381448
M454T747_POS,454.2924,747.4,KeggExd028940,NA,NA,C25H43O8,level3.2,C[C@]12CC[C@H](C[C@@H]1CC[C@H]1[C@@H]3CC[C@@H]([C@@]3(C)CC([C@H]21)O)O)[OH+]C1C(C(C(C(CO)O1)O)O)O,MEYRHXKJCRNZCR-KOKBCDCISA-N,[M],[M-H2O+H]+,1.52,0.2,NA,8.8,0.184,0.52,metAnnotation,[69],M454T747_POS_[M-H2O+H]+,3,FALSE,NA,NA,63653179.10772852,52171782.19118872,61004535.960881196,17146086.222350284,61627489.48448249,36932433.96375886,34886679.968009315,16603871.541380532,29753956.689735573,80399763.92842227,50473991.98962427,48248696.17975159,21012393.79461663,16258660.336976694,18800287.295210086
M156T78_POS,156.0653,78.3,C17366,NA,"(2S,5S)-trans-Carboxymethylproline",C7H11NO4,level3.1,OC(=O)C[C@@H]1CC[C@H](N1)C(=O)O,LIZWYFXJOOUDNV-WHFBIAKZSA-N,[M],[M-H2O+H]+,1.51,0.6,NA,21.2,0.396,0.51,metAnnotation,[38],M156T78_POS_[M-H2O+H]+,3,TRUE,C17366,"(2S,5S)-trans-Carboxymethylproline",173042442.7053725,126754083.71868214,198332546.2223386,76686000.13152412,171681082.30525452,175638095.71402276,109712164.50216268,100813089.00047995,97695294.00648168,134672593.6113428,73645325.56362532,129254595.80999987,26066344.39278487,75588679.04778016,89063246.70704986
M387T705_POS_a,387.1924,705.4,C05475,NA,"11beta,21-Dihydroxy-5beta-pregnane-3,20-dione",C21H32O4,level3.1,OCC(=O)[C@H]1CC[C@@H]2[C@]1(C)C[C@H](O)[C@H]1[C@H]2CC[C@H]2[C@]1(C)CCC(=O)C2,CTTOFMJLOGMZRN-BBWLNIHDSA-N,[M],[M+K]+,1.51,2.2,NA,5.5,0.1857,0.51,metAnnotation,[65],M387T705_POS_[M+K]+,2,TRUE,C05475,"11beta,21-Dihydroxy-5beta-pregnane-3,20-dione",8376718.4949491285,7831991.0703895865,9078402.630931612,7640628.086657942,8818139.373619964,7290558.339012081,6580976.078896174,10413557.11823038,7124243.912667289,8003041.424271768,6641138.129911358,7343391.63825201,4388780.437154186,6754545.197552249,7796049.236511721
M387T705_POS_b,387.1924,705.4,C05478,NA,"3alpha,21-Dihydroxy-5beta-pregnane-11,20-dione",C21H32O4,level3.1,OCC(=O)C1CCC2C1(C)CC(=O)C1C2CCC2C1(C)CC[C@H](C2)O,XWYBFXIUISNTQG-LWBRKPSMSA-N,[M],[M+K]+,1.51,2.2,NA,6,0.1857,0.51,metAnnotation,[65],M387T705_POS_[M+K]+,2,TRUE,C05478,"3alpha,21-Dihydroxy-5beta-pregnane-11,20-dione",8376718.4949491285,7831991.0703895865,9078402.630931612,7640628.086657942,8818139.373619964,7290558.339012081,6580976.078896174,10413557.11823038,7124243.912667289,8003041.424271768,6641138.129911358,7343391.63825201,4388780.437154186,6754545.197552249,7796049.236511721
M387T705_POS_c,387.1924,705.4,KeggExd118418,NA,NA,C21H32O4,level3.2,C[C@]12CCC(=O)C[C@@H]1CC([C@H]1[C@@H]3CC[C@H](C(=O)CO)[C@@]3(C)CC[C@H]21)O,MOLUQBBOJWHPNR-AUDLSUBQSA-N,[M],[M+K]+,1.51,2.2,NA,5.5,0.1857,0.51,metAnnotation,[65],M387T705_POS_[M+K]+,2,TRUE,NA,NA,8376718.4949491285,7831991.0703895865,9078402.630931612,7640628.086657942,8818139.373619964,7290558.339012081,6580976.078896174,10413557.11823038,7124243.912667289,8003041.424271768,6641138.129911358,7343391.63825201,4388780.437154186,6754545.197552249,7796049.236511721
M387T705_POS_d,387.1924,705.4,KeggExd085089,NA,NA,C21H32O4,level3.2,C[C@]12CC[C@H](C[C@@H]1CC(=O)C1[C@@H]3CC[C@H](C(=O)CO)[C@@]3(C)CC[C@H]21)O,MYDJENGFFXLBDP-RXLMRZAKSA-N,[M],[M+K]+,1.51,2.2,NA,6,0.1857,0.51,metAnnotation,[65],M387T705_POS_[M+K]+,2,TRUE,NA,NA,8376718.4949491285,7831991.0703895865,9078402.630931612,7640628.086657942,8818139.373619964,7290558.339012081,6580976.078896174,10413557.11823038,7124243.912667289,8003041.424271768,6641138.129911358,7343391.63825201,4388780.437154186,6754545.197552249,7796049.236511721
M299T502_POS_a,299.2369,501.6,C01953,NA,Pregnenolone,C21H32O2,level3.1,O[C@H]1CC[C@]2(C(=CC[C@@H]3[C@@H]2CC[C@]2([C@H]3CC[C@@H]2C(=O)C)C)C1)C,ORNBQBCIOKFOEO-QGVNFLHTSA-N,[M],[M-H2O+H]+,1.49,0.1,NA,22.5,0.3502,0.49,metAnnotation,[50],M299T502_POS_[M-H2O+H]+,2,TRUE,C01953,Pregnenolone,2132898.260284775,1921944.4972462954,7479511.516598306,15980346.45690827,2335428.935878473,1430076.0370454595,5680462.983339063,7854589.184792717,14143934.983479414,2516627.081039601,4819205.646275861,4260793.894794811,8253544.840242676,3353322.7543584555,18154698.553888723
M387T705_POS_e,387.1924,705.4,KeggExd046738,NA,NA,C21H32O4,level3.2,C[C@]12CCC(CC1=CC[C@H]1[C@@H]3CC[C@H](C(=O)CO)[C@@]3(C)CC([C@H]21)O)O,QKPMTNRLHFZXAM-QBVOSPPRSA-N,[M],[M+K]+,1.49,2.2,NA,0.2,0.0524,0.49,metAnnotation,[65],M387T705_POS_[M+K]+,2,TRUE,NA,NA,8376718.4949491285,7831991.0703895865,9078402.630931612,7640628.086657942,8818139.373619964,7290558.339012081,6580976.078896174,10413557.11823038,7124243.912667289,8003041.424271768,6641138.129911358,7343391.63825201,4388780.437154186,6754545.197552249,7796049.236511721
M387T705_POS_f,387.1924,705.4,KeggExd027218,NA,NA,C21H32O4,level3.2,CC(=O)[C@H]1CC[C@H]2[C@@H]3C(C[C@H]4CC(=O)CC[C@]4(C)[C@H]3C(C[C@]12C)O)O,OUDYGQOKBCRPKZ-ZSTALVRVSA-N,[M],[M+K]+,1.49,2.2,NA,0.3,0.0524,0.49,metAnnotation,[65],M387T705_POS_[M+K]+,2,TRUE,NA,NA,8376718.4949491285,7831991.0703895865,9078402.630931612,7640628.086657942,8818139.373619964,7290558.339012081,6580976.078896174,10413557.11823038,7124243.912667289,8003041.424271768,6641138.129911358,7343391.63825201,4388780.437154186,6754545.197552249,7796049.236511721
M137T496_POS_a,137.0598,495.7,C00548,NA,Phenyl acetate,C8H8O2,level3.1,CC(=O)Oc1ccccc1,IPBVNPXQWQGGJP-UHFFFAOYSA-N,[M],[M+H]+,1.48,0.1,NA,16.8,0.2517,0.48,metAnnotation,[35],M137T496_POS_[M+H]+,1,TRUE,C00548;C15583,Phenyl acetate;Phenyl acetate,10885643.678262671,7881851.644635205,6941957.993901893,2591393.3863752047,10739133.369818589,8240594.663140915,6927239.056632954,5197751.449784033,2637197.2799002635,8411922.307447355,13567915.35602764,9245511.372915681,2846100.4926968943,5665460.3882122785,2086311.9918312083
M137T496_POS_b,137.0598,495.7,C15583,NA,Phenyl acetate,C8H8O2,level3.1,CC(=O)Oc1ccccc1,IPBVNPXQWQGGJP-UHFFFAOYSA-N,[M],[M+H]+,1.48,0.1,NA,16.8,0.2517,0.48,metAnnotation,[35],M137T496_POS_[M+H]+,1,TRUE,C00548;C15583,Phenyl acetate;Phenyl acetate,10885643.678262671,7881851.644635205,6941957.993901893,2591393.3863752047,10739133.369818589,8240594.663140915,6927239.056632954,5197751.449784033,2637197.2799002635,8411922.307447355,13567915.35602764,9245511.372915681,2846100.4926968943,5665460.3882122785,2086311.9918312083
M387T705_POS_g,387.1924,705.4,KeggExd009619,NA,NA,C21H32O4,level3.2,CC(=O)[C@]1(CC[C@H]2[C@H]3[C@H](CC[C@]12C)[C@@]1(C)CCC(=O)CC1CC3O)O,VLLZNGUIZNSAKL-QYZDLTPOSA-N,[M],[M+K]+,1.48,2.2,NA,0.9,0.0524,0.48,metAnnotation,[65],M387T705_POS_[M+K]+,2,TRUE,NA,NA,8376718.4949491285,7831991.0703895865,9078402.630931612,7640628.086657942,8818139.373619964,7290558.339012081,6580976.078896174,10413557.11823038,7124243.912667289,8003041.424271768,6641138.129911358,7343391.63825201,4388780.437154186,6754545.197552249,7796049.236511721
M387T705_POS_h,387.1924,705.4,KeggExd047141,NA,NA,C21H32O4,level3.2,CC(=O)[C@]1(CC[C@H]2[C@@H]3CCC4CC(=O)CC[C@]4(C)[C@H]3[C@H](C[C@]12C)O)O,PSGMYFWTNUYMPH-XRIGRZADSA-N,[M],[M+K]+,1.48,2.2,NA,0.9,0.0524,0.48,metAnnotation,[65],M387T705_POS_[M+K]+,2,TRUE,NA,NA,8376718.4949491285,7831991.0703895865,9078402.630931612,7640628.086657942,8818139.373619964,7290558.339012081,6580976.078896174,10413557.11823038,7124243.912667289,8003041.424271768,6641138.129911358,7343391.63825201,4388780.437154186,6754545.197552249,7796049.236511721
M339T702_POS_a,339.2314,702.4,C03681,NA,"5alpha-Pregnane-3,20-dione",C21H32O2,level3.1,O=C1CC[C@]2([C@H](C1)CC[C@@H]1[C@@H]2CC[C@]2([C@H]1CC[C@@H]2C(=O)C)C)C,XMRPGKVKISIQBV-BJMCWZGWSA-N,[M],[M+Na]+,1.47,4.6,NA,1.7,0.1308,0.47,metAnnotation,[60],M339T702_POS_[M+Na]+,3,TRUE,C03681;C05479,"5alpha-Pregnane-3,20-dione;5beta-Pregnane-3,20-dione",19006854.73948052,29932103.45134625,25392814.05809766,23090860.804072287,19291222.195440046,43734361.63373346,21917480.32833016,37297441.42381743,34205980.78183967,22861803.571383074,31793533.825548884,24447607.947732165,20878738.2327956,22614919.271920297,26597182.858805366
M293T779_POS_a,293.2475,779.3,C03852,NA,"Androstan-3alpha,17beta-diol",C19H32O2,level3.1,O[C@@H]1CC[C@]2([C@H](C1)CC[C@@H]1[C@@H]2CC[C@]2([C@H]1CC[C@@H]2O)C)C,CBMYJHIOYJEBSB-KHOSGYARSA-N,[M],[M+H]+,1.45,0.1,NA,22,0.2598,0.45,metAnnotation,[49],M293T779_POS_[M+H]+,2,TRUE,C03051;C03852;C07632;C12525,"17beta-Hydroxysteroid;Androstan-3alpha,17beta-diol;Androstanediol;5alpha-Androstan-3beta,17beta-diol",830925.2000327577,1261372.5809448517,2124486.480939945,21724215.335789178,1034949.505292611,4344472.164822267,4791938.258981767,5909614.76738076,26129327.292487178,4799559.045575812,21083371.163816467,3162460.104916305,12334646.333296672,25571345.841625366,21175758.369457234
M293T779_POS_b,293.2475,779.3,C12525,NA,"5alpha-Androstan-3beta,17beta-diol",C19H32O2,level3.1,O[C@H]1CC[C@]2([C@H](C1)CC[C@@H]1[C@@H]2CC[C@]2([C@H]1CC[C@@H]2O)C)C,CBMYJHIOYJEBSB-YSZCXEEOSA-N,[M],[M+H]+,1.45,0.1,NA,22,0.2598,0.45,metAnnotation,[49],M293T779_POS_[M+H]+,2,TRUE,C03051;C03852;C07632;C12525,"17beta-Hydroxysteroid;Androstan-3alpha,17beta-diol;Androstanediol;5alpha-Androstan-3beta,17beta-diol",830925.2000327577,1261372.5809448517,2124486.480939945,21724215.335789178,1034949.505292611,4344472.164822267,4791938.258981767,5909614.76738076,26129327.292487178,4799559.045575812,21083371.163816467,3162460.104916305,12334646.333296672,25571345.841625366,21175758.369457234
M307T814_POS_e,307.2269,814.2,KeggExd028937,NA,NA,C19H30O3,level3.2,C[C@]12CC[C@H](C[C@@H]1CC[C@H]1[C@@H]3CC[C@@H]([C@@]3(C)CC(=O)C21)O)O,CEMLAYQDMWFPDU-JEKXBJHQSA-N,[M],[M+H]+,1.45,0.3,NA,27.7,0.3716,0.45,metAnnotation,[53],M307T814_POS_[M+H]+,4,TRUE,NA,NA,17904029.677086957,19432671.052454293,18064355.216376178,20165730.83625116,18786611.596154816,24960588.7627395,17052958.085359517,22049677.932992436,22920897.754525013,20122052.871401295,18590213.934500713,19312405.19279551,17129161.885401364,20348782.56338728,20850097.871919613
M387T705_POS_i,387.1924,705.4,KeggExd046775,NA,NA,C21H32O4,level3.2,C[C@]12CCC(CC1=CC([C@H]1[C@@H]3CC[C@H](C(=O)CO)[C@@]3(C)CC[C@H]21)O)O,SGOGDBVRJHVVMQ-FOCOMJRBSA-N,[M],[M+K]+,1.45,2.2,NA,4.2,0.0524,0.45,metAnnotation,[65],M387T705_POS_[M+K]+,2,TRUE,NA,NA,8376718.4949491285,7831991.0703895865,9078402.630931612,7640628.086657942,8818139.373619964,7290558.339012081,6580976.078896174,10413557.11823038,7124243.912667289,8003041.424271768,6641138.129911358,7343391.63825201,4388780.437154186,6754545.197552249,7796049.236511721
M323T798_POS,323.2216,798,KeggExd042647,NA,NA,C19H30O4,level3.2,C[C@]12CC([C@H]3[C@@H](CCC4CC(=O)CC[C@]34CO)[C@@H]1CC[C@@H]2O)O,SYZMZCVLCBMOLL-JYQBTHMKSA-N,[M],[M+H]+,1.44,0.2,NA,29.3,0.3863,0.44,metAnnotation,[55],M323T798_POS_[M+H]+,4,TRUE,NA,NA,1296086.42050765,1488608.8118609076,1407874.2505900832,1049408.9899707686,1479146.3488721848,1826961.3153084947,1098035.6127099379,2095684.0740904408,974460.7250234676,1545143.9255514021,1421875.282863133,1984844.2383399662,1131501.4699422466,1316507.118316298,1494835.2737953186
M387T705_POS_j,387.1924,705.4,C05487,NA,"17alpha,21-Dihydroxypregnenolone",C21H32O4,level3.1,OCC(=O)[C@@]1(O)CC[C@@H]2[C@]1(C)CC[C@H]1[C@H]2CC=C2[C@]1(C)CC[C@@H](C2)O,JNHJGXQUDOYJAK-IYRCEVNGSA-N,[M],[M+K]+,1.44,2.2,NA,5.5,0.0524,0.44,metAnnotation,[65],M387T705_POS_[M+K]+,2,TRUE,C05487,"17alpha,21-Dihydroxypregnenolone",8376718.4949491285,7831991.0703895865,9078402.630931612,7640628.086657942,8818139.373619964,7290558.339012081,6580976.078896174,10413557.11823038,7124243.912667289,8003041.424271768,6641138.129911358,7343391.63825201,4388780.437154186,6754545.197552249,7796049.236511721
M219T711_POS,219.1741,710.6,C02293,NA,Latia luciferin,C15H24O2,level3.1,O=CO/C=C(/CCC1=C(C)CCCC1(C)C)\C,MJURCEOLOMHLAX-ZRDIBKRKSA-N,[M],[M-H2O+H]+,1.43,0.6,NA,12.2,0.0825,0.43,metAnnotation,[44],M219T711_POS_[M-H2O+H]+,1,TRUE,C02293,Latia luciferin,12324695.904528502,12389234.22339704,12275537.371000743,12342216.09133205,11684557.513318526,12944797.490475709,11997897.090694794,12394152.22825032,12078014.047768172,11430676.5649607,12424512.708746834,12064620.356296858,12501243.305169083,12097164.81150922,12004273.18604023
M373T807_POS_b,373.23630000000003,806.9,KeggExd085099,NA,NA,C21H34O4,level3.2,C[C@]12CC[C@H](C[C@@H]1CC([C@H]1[C@@H]3CC[C@H](C(=O)CO)[C@@]3(C)CC[C@H]21)O)O,MELSBEBRLFUADB-WRHPPYLESA-N,[M],[M+Na]+,1.43,3.3,NA,7.3,0.0871,0.43,metAnnotation,[64],M373T807_POS_[M+Na]+,5,TRUE,NA,NA,6321602.726601099,6068296.181450266,6112715.802074253,6255429.587127698,5944660.482523553,8803392.521780191,5805574.11976814,6469844.503762027,6408387.283789186,6210077.928924044,6098921.370659802,7485385.566779315,5111409.333666274,5790568.774627276,6873277.312720084
M339T702_POS_b,339.2314,702.4,C01953,NA,Pregnenolone,C21H32O2,level3.1,O[C@H]1CC[C@]2(C(=CC[C@@H]3[C@@H]2CC[C@]2([C@H]3CC[C@@H]2C(=O)C)C)C1)C,ORNBQBCIOKFOEO-QGVNFLHTSA-N,[M],[M+Na]+,1.42,4.6,NA,8.6,0.1308,0.42,metAnnotation,[60],M339T702_POS_[M+Na]+,3,TRUE,C01953,Pregnenolone,19006854.73948052,29932103.45134625,25392814.05809766,23090860.804072287,19291222.195440046,43734361.63373346,21917480.32833016,37297441.42381743,34205980.78183967,22861803.571383074,31793533.825548884,24447607.947732165,20878738.2327956,22614919.271920297,26597182.858805366
M299T502_POS_b,299.2369,501.6,C03681,NA,"5alpha-Pregnane-3,20-dione",C21H32O2,level3.1,O=C1CC[C@]2([C@H](C1)CC[C@@H]1[C@@H]2CC[C@]2([C@H]1CC[C@@H]2C(=O)C)C)C,XMRPGKVKISIQBV-BJMCWZGWSA-N,[M],[M-H2O+H]+,1.41,0.1,NA,27.4,0.276,0.41,metAnnotation,[50],M299T502_POS_[M-H2O+H]+,2,TRUE,C03681;C05479,"5alpha-Pregnane-3,20-dione;5beta-Pregnane-3,20-dione",2132898.260284775,1921944.4972462954,7479511.516598306,15980346.45690827,2335428.935878473,1430076.0370454595,5680462.983339063,7854589.184792717,14143934.983479414,2516627.081039601,4819205.646275861,4260793.894794811,8253544.840242676,3353322.7543584555,18154698.553888723
M333T819_POS_a,333.2423,819.2,C05476,NA,Tetrahydrocorticosterone,C21H34O4,level3.1,OCC(=O)[C@H]1CC[C@@H]2[C@]1(C)C[C@H](O)[C@H]1[C@H]2CC[C@H]2[C@]1(C)CC[C@H](C2)O,RHQQHZQUAMFINJ-DTDWNVJFSA-N,[M],[M-H2O+H]+,1.4,1.8,NA,9,NA,0.4,adductAnnotation,[57],M333T819_POS_[M-H2O+H]+,4,FALSE,C05476,Tetrahydrocorticosterone,3450648.589612596,3207716.5893951217,2614173.6315490315,3155088.067708389,3289458.218427176,3922658.9167301743,3627098.804197109,2936922.3172292006,3739773.698108198,3534573.3357430017,3104056.444337708,2785731.107010831,2595036.3576527275,3081857.046057342,3972005.678834932
M333T819_POS_b,333.2423,819.2,KeggExd085099,NA,NA,C21H34O4,level3.2,C[C@]12CC[C@H](C[C@@H]1CC([C@H]1[C@@H]3CC[C@H](C(=O)CO)[C@@]3(C)CC[C@H]21)O)O,MELSBEBRLFUADB-WRHPPYLESA-N,[M],[M-H2O+H]+,1.4,1.8,NA,9,NA,0.4,adductAnnotation,[57],M333T819_POS_[M-H2O+H]+,4,FALSE,NA,NA,3450648.589612596,3207716.5893951217,2614173.6315490315,3155088.067708389,3289458.218427176,3922658.9167301743,3627098.804197109,2936922.3172292006,3739773.698108198,3534573.3357430017,3104056.444337708,2785731.107010831,2595036.3576527275,3081857.046057342,3972005.678834932
M339T808_POS_a,339.2314,807.7,C03681,NA,"5alpha-Pregnane-3,20-dione",C21H32O2,level3.1,O=C1CC[C@]2([C@H](C1)CC[C@@H]1[C@@H]2CC[C@]2([C@H]1CC[C@@H]2C(=O)C)C)C,XMRPGKVKISIQBV-BJMCWZGWSA-N,[M],[M+Na]+,1.38,4.6,NA,16.9,0.1971,0.38,metAnnotation,[61],M339T808_POS_[M+Na]+,5,TRUE,C03681;C05479,"5alpha-Pregnane-3,20-dione;5beta-Pregnane-3,20-dione",4945136.023555951,4927163.496381259,4488611.509226685,4469782.113546229,4555114.690217858,6781884.159248309,5111759.358881337,6253749.226465816,5828839.674525913,5504866.1236584205,5961859.113556546,6144880.612556739,4457272.379902258,4601035.851670645,5895943.471574294
M373T807_POS_c,373.23630000000003,806.9,C05483,NA,"3alpha,20alpha,21-Trihydroxy-5beta-pregnan-11-one",C21H34O4,level3.1,OC[C@@H]([C@H]1CC[C@@H]2[C@]1(C)CC(=O)[C@H]1[C@H]2CC[C@H]2[C@]1(C)CC[C@H](C2)O)O,NGYONPIMXAHRCT-ZRQOLJPNSA-N,[M],[M+Na]+,1.36,3.3,NA,14.1,0.0613,0.36,metAnnotation,[64],M373T807_POS_[M+Na]+,5,TRUE,C05483,"3alpha,20alpha,21-Trihydroxy-5beta-pregnan-11-one",6321602.726601099,6068296.181450266,6112715.802074253,6255429.587127698,5944660.482523553,8803392.521780191,5805574.11976814,6469844.503762027,6408387.283789186,6210077.928924044,6098921.370659802,7485385.566779315,5111409.333666274,5790568.774627276,6873277.312720084
M350T765_POS_i,350.2687,764.6,KeggExd046633,NA,NA,C21H32O3,level3.2,CC(=O)[C@H]1CC[C@H]2[C@@H]3CC[C@@H]4C[C@@H](CC[C@]4(C)C3C(=O)C[C@]12C)O,DUHUCHOQIDJXAT-FERMADRYSA-N,[M],[M+NH4]+,1.35,0.8,NA,19.8,0.0515,0.35,metAnnotation,[62],M350T765_POS_[M+NH4]+,4,TRUE,NA,NA,2390636.3795084027,3055095.2171207485,2462113.1933227303,2687442.451440723,2527942.8642093004,4608775.048241409,2695091.73634597,3519160.554236686,2699164.9835806107,2643057.5391837168,2775412.265618735,3091977.7265237058,2220943.8114693076,2462268.447518468,2892514.3283005254
M417T817_POS_a,417.3355,817,KeggExd047513,NA,NA,C27H44O3,level3.2,CC(C)CC[C@H]([C@@](C)([C@H]1CC[C@H]2[C@@H]3CC=C4CC(=O)CC[C@]4(C)[C@H]3CC[C@]12C)O)O,GUYGAVAXXXMPAU-ITWQDKSZSA-N,[M],[M+H]+,1.35,2.1,NA,16.4,0.0342,0.35,metAnnotation,[67],M417T817_POS_[M+H]+,1,TRUE,NA,NA,905602.9119919594,4228440.567834696,3340534.913229911,1847577.2760470882,528541.4065277193,6421185.373948591,552569.5949343595,3490575.2378032235,4320502.187942003,831335.972703229,2012258.8480544009,1498804.218036586,2039127.5407421181,7364813.001086939,789233.3966882821
M417T817_POS_b,417.3355,817,KeggExd047159,NA,NA,C27H44O3,level3.2,CC(C)CCC[C@@](C)([C@]1(CC[C@H]2[C@@H]3CC=C4CC(=O)CC[C@]4(C)[C@H]3CC[C@]12C)O)O,XRSJRHRINMAAJA-MSUGJWHPSA-N,[M],[M+H]+,1.35,2.1,NA,16.4,0.0342,0.35,metAnnotation,[67],M417T817_POS_[M+H]+,1,TRUE,NA,NA,905602.9119919594,4228440.567834696,3340534.913229911,1847577.2760470882,528541.4065277193,6421185.373948591,552569.5949343595,3490575.2378032235,4320502.187942003,831335.972703229,2012258.8480544009,1498804.218036586,2039127.5407421181,7364813.001086939,789233.3966882821
M193T157_POS_a,193.0858,157.2,C01042,NA,N-Acetyl-L-aspartate,C6H9NO5,level3.1,OC(=O)C[C@@H](C(=O)O)NC(=O)C,OTCCIMWXFLJLIA-BYPYZUCNSA-N,[M],[M+NH4]+,1.34,9.5,NA,5.6,0.0971,0.34,metAnnotation,[42],M193T157_POS_[M+NH4]+,1,TRUE,C01042,N-Acetyl-L-aspartate,7185179.8275802825,4460386.00017047,3332121.902912004,9108207.852487313,7719887.119191867,4899502.1851190915,3239875.4312060983,2205056.537405657,7776816.1048278045,6282717.870824395,3056891.7899319506,5960309.065967602,5318209.087530876,10713614.022974301,8921815.033515189
M473T732_POS_a,473.3268,731.6,KeggExd047534,NA,NA,C27H46O5,level3.2,CC(C)CC[C@H]([C@@](CO)([C@H]1CC[C@H]2[C@H]3[C@H](CC[C@]12C)[C@@]1(C)CC[C@@H](CC1=CC3O)O)O)O,VWJSHSUTXACEPY-PLOWAOACSA-N,[M],[M+Na]+,1.33,6.3,NA,10.7,0.0451,0.33,metAnnotation,[70],M473T732_POS_[M+Na]+,1,TRUE,NA,NA,2992190.1418928346,3407733.239515626,1326994.4974606426,32603727.888388976,861674.9501895774,5374282.672899082,1424685.9729506436,971371.1934406952,1732834.1452707474,2189645.5131836636,1148614.672701923,2049794.7759986834,2149068.832533199,1992962.9184517367,33000825.143758338
M473T732_POS_b,473.3268,731.6,KeggExd047535,NA,NA,C27H46O5,level3.2,CC(C)CC[C@H]([C@@](C)([C@H]1CC[C@H]2[C@@H]3C(C=C4C[C@H](CC[C@]4(C)[C@H]3C(C[C@]12C)O)O)O)O)O,KBLFZLUKHAZPPL-FWYXSUKBSA-N,[M],[M+Na]+,1.33,6.3,NA,10.9,0.0451,0.33,metAnnotation,[70],M473T732_POS_[M+Na]+,1,TRUE,NA,NA,2992190.1418928346,3407733.239515626,1326994.4974606426,32603727.888388976,861674.9501895774,5374282.672899082,1424685.9729506436,971371.1934406952,1732834.1452707474,2189645.5131836636,1148614.672701923,2049794.7759986834,2149068.832533199,1992962.9184517367,33000825.143758338
M164T453_POS,164.107,453.4,C06746,NA,N-(2-Phenylethyl)-acetamide,C10H13NO,level3.1,CC(=O)NCCc1ccccc1,MODKMHXGCGKTLE-UHFFFAOYSA-N,[M],[M+H]+,1.32,0.1,NA,24.6,0.0497,0.32,metAnnotation,[39],M164T453_POS_[M+H]+,1,TRUE,C06746,N-(2-Phenylethyl)-acetamide,35916912.586823046,32959994.834082503,58685959.06535761,46827424.27226345,36566920.84945492,54717338.185691796,35360177.983647145,33310536.991242524,31650296.90637351,69247228.82912165,27305484.681557238,52575631.71334181,21789005.500103477,17562579.27328094,50200293.080494024
M253T88_POS,253.1181,87.8,KeggExd003052,NA,NA,C12H16N2O4,level3.2,CC(=Nc1ccccc1C(C[C@@H](C(=O)O)N)O)O,LECAYWDVESUGPX-FTNKSUMCSA-N,[M],[M+H]+,1.31,1.7,NA,19.5,NA,0.31,adductAnnotation,[46],M253T88_POS_[M+H]+,4,TRUE,NA,NA,36897510.789797835,28905376.306614093,57538786.22126233,38110502.96781884,37325587.721719906,6412279.828063323,25568487.42411723,5910282.392611462,18649458.677358907,27311406.728325594,11445852.376933342,67119170.05573183,43716749.017883494,17955655.421214025,44938694.15399642
M339T808_POS_b,339.2314,807.7,C01953,NA,Pregnenolone,C21H32O2,level3.1,O[C@H]1CC[C@]2(C(=CC[C@@H]3[C@@H]2CC[C@]2([C@H]3CC[C@@H]2C(=O)C)C)C1)C,ORNBQBCIOKFOEO-QGVNFLHTSA-N,[M],[M+Na]+,1.31,4.6,NA,24.9,0.1971,0.31,metAnnotation,[61],M339T808_POS_[M+Na]+,5,TRUE,C01953,Pregnenolone,4945136.023555951,4927163.496381259,4488611.509226685,4469782.113546229,4555114.690217858,6781884.159248309,5111759.358881337,6253749.226465816,5828839.674525913,5504866.1236584205,5961859.113556546,6144880.612556739,4457272.379902258,4601035.851670645,5895943.471574294
M189T279_POS,189.1273,278.7,C02727,NA,N6-Acetyl-L-lysine,C8H16N2O3,level3.1,CC(=O)NCCCC[C@@H](C(=O)O)N,DTERQYGMUDWYAZ-ZETCQYMHSA-N,[M],[M+H]+,1.27,9.8,NA,15.3,0.112,0.27,metAnnotation,[41],M189T279_POS_[M+H]+,1,TRUE,C02727,N6-Acetyl-L-lysine,3792247.2820513016,4544218.488333288,8136774.986578377,6191616.400849249,3948303.0820396673,4433678.849383474,11091757.288558846,10318335.73247331,17535741.972768266,2194633.4798474708,4797494.995005984,9487198.697352158,3773739.170252682,8829976.376031168,6865055.136838482
M415T707_POS_b,415.2111,706.5,KeggExd046636,NA,NA,C21H34O6S,level3.2,CC(=O)[C@H]1CC[C@H]2[C@@H]3CC[C@@H]4C[C@@H](CC[C@]4(C)[C@H]3C(C[C@]12C)O)OS(=O)(=O)O,UVPGRFVCPPJVJS-YVSNYETASA-N,[M],[M+H]+,1.27,10.5,NA,7.1,NA,0.27,adductAnnotation,[66],M415T707_POS_[M+H]+,28,FALSE,NA,NA,481172459.3762563,244070955.0320386,283453810.93000865,272391180.90765923,483693137.60441554,232589486.58266014,187657021.98892996,373462423.69938755,767995432.5359128,265630179.95937592,180450931.56030503,236129973.13541946,733907439.5853349,214155816.30337852,288932323.80916107
M150T489_POS,150.0913,488.6,C11519,NA,N-Cyclohexylformamide,C7H13NO,level3.1,O=CNC1CCCCC1,SWGXDLRCJNEEGZ-UHFFFAOYSA-N,[M],[M+Na]+,1.25,5.7,NA,29.2,0.1783,0.25,metAnnotation,[37],M150T489_POS_[M+Na]+,1,TRUE,C11519,N-Cyclohexylformamide,25083812.362607904,25648381.614543118,30028809.144860562,31386965.6210102,24481459.68298302,27558954.522408675,22176442.735346165,18079532.01812937,16195941.424893402,32289773.998098318,12637928.953203,24044783.293691467,14038246.93062713,13310884.388336413,29818530.194784835
M193T157_POS_b,193.0858,157.2,C01045,NA,N-Formyl-L-glutamate,C6H9NO5,level3.1,O=CN[C@H](C(=O)O)CCC(=O)O,ADZLWSMFHHHOBV-BYPYZUCNSA-N,[M],[M+NH4]+,1.25,9.5,NA,24.1,0.2159,0.25,metAnnotation,[42],M193T157_POS_[M+NH4]+,1,TRUE,C01045,N-Formyl-L-glutamate,7185179.8275802825,4460386.00017047,3332121.902912004,9108207.852487313,7719887.119191867,4899502.1851190915,3239875.4312060983,2205056.537405657,7776816.1048278045,6282717.870824395,3056891.7899319506,5960309.065967602,5318209.087530876,10713614.022974301,8921815.033515189
M473T732_POS_c,473.3268,731.6,KeggExd047528,NA,NA,C27H46O5,level3.2,CC(C)CC[C@H]([C@@](CO)([C@H]1CC[C@H]2[C@@H]3CC=C4C[C@H](CC[C@]4(C)[C@H]3C(C[C@]12C)O)O)O)O,VPMHBUITEDJJKJ-INJVBYHQSA-N,[M],[M+Na]+,1.24,6.3,NA,21.5,0.0451,0.24,metAnnotation,[70],M473T732_POS_[M+Na]+,1,TRUE,NA,NA,2992190.1418928346,3407733.239515626,1326994.4974606426,32603727.888388976,861674.9501895774,5374282.672899082,1424685.9729506436,971371.1934406952,1732834.1452707474,2189645.5131836636,1148614.672701923,2049794.7759986834,2149068.832533199,1992962.9184517367,33000825.143758338
M441T764_POS_a,441.3294,763.6,C05501,NA,"20alpha,22beta-Dihydroxycholesterol",C27H46O3,level3.1,CC(CC[C@H]([C@@]([C@H]1CC[C@@H]2[C@]1(C)CC[C@H]1[C@H]2CC=C2[C@]1(C)CC[C@@H](C2)O)(O)C)O)C,ISBSSBGEYIBVTO-TYKWNDPBSA-N,[M],[M+Na]+,1.22,10.4,NA,19,0.1091,0.22,metAnnotation,[68],M441T764_POS_[M+Na]+,2,TRUE,C05501,"20alpha,22beta-Dihydroxycholesterol",6112670.399370742,6417331.831949582,5604568.491894464,7147807.8522653505,5927342.467054259,6154814.779126475,6209236.196257068,6324108.100573563,6066540.083142017,6408939.907420987,5837630.103002271,5407281.05543709,6462767.939860902,5670375.292170072,6053415.604450082
M193T79_POS,193.0972,78.9,C03139,NA,N-Amidino-L-aspartate,C5H9N3O4,level3.1,OC(=O)C[C@@H](C(=O)O)N=C(N)N,VVHOUVWJCQOYGG-REOHCLBHSA-N,[M],[M+NH4]+,1.21,9.9,NA,17.5,0.0453,0.21,metAnnotation,[43],M193T79_POS_[M+NH4]+,1,TRUE,C03139,N-Amidino-L-aspartate,14549675.167349216,34842541.55722072,15361667.641581098,4081169.8481008024,13249700.523972971,7716429.691558135,8597319.305439286,11459139.19891524,5648641.265565271,1570963.7401474896,3455119.5218401733,4190601.061161391,9211117.796661027,9710472.485179894,3396299.713359829
M441T764_POS_b,441.3294,763.6,C05499,NA,"17alpha,20alpha-Dihydroxycholesterol",C27H46O3,level3.1,CC(CCC[C@@]([C@@]1(O)CC[C@@H]2[C@]1(C)CC[C@H]1[C@H]2CC=C2[C@]1(C)CC[C@@H](C2)O)(O)C)C,PRZXKPDANWDCNC-LUWBJXLVSA-N,[M],[M+Na]+,1.18,10.4,NA,19.2,0.0204,0.18,metAnnotation,[68],M441T764_POS_[M+Na]+,2,TRUE,C05499,"17alpha,20alpha-Dihydroxycholesterol",6112670.399370742,6417331.831949582,5604568.491894464,7147807.8522653505,5927342.467054259,6154814.779126475,6209236.196257068,6324108.100573563,6066540.083142017,6408939.907420987,5837630.103002271,5407281.05543709,6462767.939860902,5670375.292170072,6053415.604450082
M531T802_POS,531.2729,801.6,C07032,NA,N-Acetylpuromycin,C24H31N7O6,level3.1,OC[C@H]1O[C@H]([C@@H]([C@@H]1NC(=O)[C@H](Cc1ccc(cc1)OC)NC(=O)C)O)n1cnc2c1ncnc2N(C)C,LADKVYSQIGJMFP-IYRMOJGWSA-N,[M],[M+NH4]+,1.14,10.2,NA,25.7,0.0544,0.14,metAnnotation,[73],M531T802_POS_[M+NH4]+,3,TRUE,C07032,N-Acetylpuromycin,21180879.925993968,5801251.288245667,7306533.22857854,7854068.23309642,21020761.378100205,5629805.138919991,6210503.444744891,13875124.84163895,8248622.4722458115,9162813.143828208,4197647.804341709,5952878.479506426,14399076.746578801,6558692.798706715,8836863.00045647
