{
 "nodes": [
 {
 "id": "Steroid hormone biosynthesis",
"label": "Steroid hormone biosynthesis",
"size": 7.819277,
"color": "#FF0000",
"x": 180.7652,
"y": 177.3741 
},
{
 "id": "Biosynthesis of unsaturated fatty acids",
"label": "Biosynthesis of unsaturated fatty acids",
"size": 8.681818,
"color": "#FF1C00",
"x": 184.3662,
"y": 175.3996 
},
{
 "id": "Linoleic acid metabolism",
"label": "Linoleic acid metabolism",
"size":  23.4918,
"color": "#FF3900",
"x": 182.1149,
"y": 180.0471 
},
{
 "id": "Sulfur metabolism",
"label": "Sulfur metabolism",
"size":  15.8041,
"color": "#FF5500",
"x": 183.2415,
"y": 178.8267 
},
{
 "id": "Phenylalanine metabolism",
"label": "Phenylalanine metabolism",
"size": 13.23541,
"color": "#FF7100",
"x": 185.6284,
"y": 176.3837 
},
{
 "id": "alpha-Linolenic acid metabolism",
"label": "alpha-Linolenic acid metabolism",
"size": 10.87402,
"color": "#FF8E00",
"x": 185.9107,
"y":  178.054 
},
{
 "id": "Arginine biosynthesis",
"label": "Arginine biosynthesis",
"size": 10.29927,
"color": "#FFAA00",
"x": 182.8901,
"y": 175.2302 
},
{
 "id": "Pantothenate and CoA biosynthesis",
"label": "Pantothenate and CoA biosynthesis",
"size": 8.376344,
"color": "#FFC600",
"x": 185.1872,
"y": 179.4152 
},
{
 "id": "Galactose metabolism",
"label": "Galactose metabolism",
"size": 6.787879,
"color": "#FFE300",
"x": 181.4618,
"y": 175.8754 
},
{
 "id": "Glycine, serine and threonine metabolism",
"label": "Glycine, serine and threonine metabolism",
"size":  6.10559,
"color": "#FFFF00",
"x": 181.1025,
"y": 178.8602 
},
{
 "id": "Arachidonic acid metabolism",
"label": "Arachidonic acid metabolism",
"size": 5.840909,
"color": "#FFFF2A",
"x": 184.3156,
"y":  177.354 
},
{
 "id": "Arginine and proline metabolism",
"label": "Arginine and proline metabolism",
"size": 5.695418,
"color": "#FFFF80",
"x": 183.8591,
"y": 180.3177 
},
{
 "id": "Pyrimidine metabolism",
"label": "Pyrimidine metabolism",
"size": 5.624672,
"color": "#FFFFD5",
"x": 182.5188,
"y": 177.1705 
} 
],
"edges": [ {
 "id": "1" 
},
{
 "id": "0" 
} ] 
}